"../../../Engine/Content/EditorResources/S_Actor.ubulk" 0
"../../../Engine/Content/EditorResources/S_Actor.uasset" 1
"../../../Engine/Content/EditorResources/S_Actor.uexp" 2
"../../../Engine/Content/EditorResources/S_BoxReflectionCapture.uasset" 3
"../../../Engine/Content/EditorResources/S_BoxReflectionCapture.uexp" 4
"../../../Engine/Content/EngineResources/DefaultTexture.ubulk" 5
"../../../Engine/Content/EngineResources/DefaultTexture.uasset" 6
"../../../Engine/Content/EngineResources/DefaultTexture.uexp" 7
"../../../Engine/Content/EngineResources/DefaultTextureCube.uasset" 8
"../../../Engine/Content/EngineResources/DefaultTextureCube.uexp" 9
"../../../Engine/Content/EngineResources/DefaultVolumeTexture2D.uasset" 10
"../../../Engine/Content/EngineResources/DefaultVolumeTexture2D.uexp" 11
"../../../Engine/Content/EngineResources/DefaultVolumeTexture.uasset" 12
"../../../Engine/Content/EngineResources/DefaultVolumeTexture.uexp" 13
"../../../Engine/Content/EditorResources/S_Trigger.ubulk" 14
"../../../Engine/Content/EditorResources/S_Trigger.uasset" 15
"../../../Engine/Content/EditorResources/S_Trigger.uexp" 16
"../../../Engine/Content/EditorResources/S_TriggerBox.uasset" 17
"../../../Engine/Content/EditorResources/S_TriggerBox.uexp" 18
"../../../Engine/Content/EditorResources/S_TriggerCapsule.uasset" 19
"../../../Engine/Content/EditorResources/S_TriggerCapsule.uexp" 20
"../../../Engine/Content/EditorResources/S_TriggerSphere.uasset" 21
"../../../Engine/Content/EditorResources/S_TriggerSphere.uexp" 22
"../../../Engine/Content/EngineMeshes/Sphere.ubulk" 23
"../../../Engine/Content/EngineMeshes/Sphere.uasset" 24
"../../../Engine/Content/EngineMeshes/Sphere.uexp" 25
"../../../Engine/Content/EngineResources/GradientTexture0.uasset" 26
"../../../Engine/Content/EngineResources/GradientTexture0.uexp" 27
"../../../Engine/Content/EngineResources/Black.uasset" 28
"../../../Engine/Content/EngineResources/Black.uexp" 29
"../../../Engine/Content/VREditor/LaserPointer/VR_LaserPower_01.ubulk" 30
"../../../Engine/Content/VREditor/LaserPointer/VR_LaserPower_01.uasset" 31
"../../../Engine/Content/VREditor/LaserPointer/VR_LaserPower_01.uexp" 32
"../../../Engine/Content/VREditor/TransformGizmo/TransformGizmoMaterial.uasset" 33
"../../../Engine/Content/VREditor/TransformGizmo/TransformGizmoMaterial.uexp" 34
"../../../Engine/Content/VREditor/TransformGizmo/TranslucentTransformGizmoMaterial.uasset" 35
"../../../Engine/Content/VREditor/TransformGizmo/TranslucentTransformGizmoMaterial.uexp" 36
"../../../Engine/Content/VREditor/TransformGizmo/BoundingBoxCorner.ubulk" 37
"../../../Engine/Content/VREditor/TransformGizmo/BoundingBoxCorner.uasset" 38
"../../../Engine/Content/VREditor/TransformGizmo/BoundingBoxCorner.uexp" 39
"../../../Engine/Content/VREditor/TransformGizmo/BoundingBoxEdge.ubulk" 40
"../../../Engine/Content/VREditor/TransformGizmo/BoundingBoxEdge.uasset" 41
"../../../Engine/Content/VREditor/TransformGizmo/BoundingBoxEdge.uexp" 42
"../../../Engine/Content/VREditor/TransformGizmo/Main.uasset" 43
"../../../Engine/Content/VREditor/TransformGizmo/Main.uexp" 44
"../../../Engine/Content/VREditor/TransformGizmo/Xray.uasset" 45
"../../../Engine/Content/VREditor/TransformGizmo/Xray.uexp" 46
"../../../Engine/Content/VREditor/TransformGizmo/SM_Sequencer_Node.ubulk" 47
"../../../Engine/Content/VREditor/TransformGizmo/SM_Sequencer_Node.uasset" 48
"../../../Engine/Content/VREditor/TransformGizmo/SM_Sequencer_Node.uexp" 49
"../../../Engine/Content/EditorResources/S_Solver.ubulk" 50
"../../../Engine/Content/EditorResources/S_Solver.uasset" 51
"../../../Engine/Content/EditorResources/S_Solver.uexp" 52
"../../../Engine/Content/EditorMaterials/Camera/CineMat.uasset" 53
"../../../Engine/Content/EditorMaterials/Camera/CineMat.uexp" 54
"../../../Engine/Content/EditorMaterials/Camera/MI_CineMat_Rig.uasset" 55
"../../../Engine/Content/EditorMaterials/Camera/MI_CineMat_Rig.uexp" 56
"../../../Engine/Content/EditorMeshes/Camera/SM_CraneRig_Base.ubulk" 57
"../../../Engine/Content/EditorMeshes/Camera/SM_CraneRig_Base.uasset" 58
"../../../Engine/Content/EditorMeshes/Camera/SM_CraneRig_Base.uexp" 59
"../../../Engine/Content/EditorMeshes/Camera/SM_CraneRig_Arm.ubulk" 60
"../../../Engine/Content/EditorMeshes/Camera/SM_CraneRig_Arm.uasset" 61
"../../../Engine/Content/EditorMeshes/Camera/SM_CraneRig_Arm.uexp" 62
"../../../Engine/Content/EditorMeshes/Camera/SM_CraneRig_Mount.ubulk" 63
"../../../Engine/Content/EditorMeshes/Camera/SM_CraneRig_Mount.uasset" 64
"../../../Engine/Content/EditorMeshes/Camera/SM_CraneRig_Mount.uexp" 65
"../../../Engine/Content/EditorMeshes/Camera/SM_CraneRig_Body.ubulk" 66
"../../../Engine/Content/EditorMeshes/Camera/SM_CraneRig_Body.uasset" 67
"../../../Engine/Content/EditorMeshes/Camera/SM_CraneRig_Body.uexp" 68
"../../../Engine/Content/EditorMeshes/Camera/SM_RailRig_Track.ubulk" 69
"../../../Engine/Content/EditorMeshes/Camera/SM_RailRig_Track.uasset" 70
"../../../Engine/Content/EditorMeshes/Camera/SM_RailRig_Track.uexp" 71
"../../../Engine/Content/EditorMeshes/Camera/SM_RailRig_Mount.ubulk" 72
"../../../Engine/Content/EditorMeshes/Camera/SM_RailRig_Mount.uasset" 73
"../../../Engine/Content/EditorMeshes/Camera/SM_RailRig_Mount.uexp" 74
"../../../Engine/Content/EngineMaterials/T_Default_Material_Grid_M.ubulk" 75
"../../../Engine/Content/EngineMaterials/T_Default_Material_Grid_M.uasset" 76
"../../../Engine/Content/EngineMaterials/T_Default_Material_Grid_M.uexp" 77
"../../../Engine/Content/EngineMaterials/T_Default_Material_Grid_N.ubulk" 78
"../../../Engine/Content/EngineMaterials/T_Default_Material_Grid_N.uasset" 79
"../../../Engine/Content/EngineMaterials/T_Default_Material_Grid_N.uexp" 80
"../../../Engine/Content/Functions/Engine_MaterialFunctions01/Opacity/CameraDepthFade.uasset" 81
"../../../Engine/Content/Functions/Engine_MaterialFunctions01/Opacity/CameraDepthFade.uexp" 82
"../../../Engine/Content/EngineMaterials/WorldGridMaterial.uasset" 83
"../../../Engine/Content/EngineMaterials/WorldGridMaterial.uexp" 84
"../../../Engine/Content/ArtTools/RenderToTexture/Meshes/S_1_Unit_Plane.ubulk" 85
"../../../Engine/Content/ArtTools/RenderToTexture/Meshes/S_1_Unit_Plane.uasset" 86
"../../../Engine/Content/ArtTools/RenderToTexture/Meshes/S_1_Unit_Plane.uexp" 87
"../../../Engine/Content/EditorMaterials/ParticleSystems/PSysThumbnail_NoImage.ubulk" 88
"../../../Engine/Content/EditorMaterials/ParticleSystems/PSysThumbnail_NoImage.uasset" 89
"../../../Engine/Content/EditorMaterials/ParticleSystems/PSysThumbnail_NoImage.uexp" 90
"../../../Engine/Content/EditorMaterials/ParticleSystems/PSysThumbnail_OOD.ubulk" 91
"../../../Engine/Content/EditorMaterials/ParticleSystems/PSysThumbnail_OOD.uasset" 92
"../../../Engine/Content/EditorMaterials/ParticleSystems/PSysThumbnail_OOD.uexp" 93
"../../../Engine/Content/EditorLandscapeResources/SplineEditorMeshMat.uasset" 94
"../../../Engine/Content/EditorLandscapeResources/SplineEditorMeshMat.uexp" 95
"../../../Engine/Content/EditorLandscapeResources/SplineEditorMesh.ubulk" 96
"../../../Engine/Content/EditorLandscapeResources/SplineEditorMesh.uasset" 97
"../../../Engine/Content/EditorLandscapeResources/SplineEditorMesh.uexp" 98
"../../../Engine/Plugins/Media/MediaPlate/Content/SM_MediaPlateScreen.ubulk" 99
"../../../Engine/Plugins/Media/MediaPlate/Content/SM_MediaPlateScreen.uasset" 100
"../../../Engine/Plugins/Media/MediaPlate/Content/SM_MediaPlateScreen.uexp" 101
"../../../Engine/Content/EngineMaterials/DefaultBokeh.uasset" 102
"../../../Engine/Content/EngineMaterials/DefaultBokeh.uexp" 103
"../../../Engine/Content/EngineMaterials/MiniFont.uasset" 104
"../../../Engine/Content/EngineMaterials/MiniFont.uexp" 105
"../../../Engine/Content/EngineMaterials/WeightMapPlaceholderTexture.uasset" 106
"../../../Engine/Content/EngineMaterials/WeightMapPlaceholderTexture.uexp" 107
"../../../Engine/Content/EngineMaterials/WeightMapArrayPlaceholderTexture.uasset" 108
"../../../Engine/Content/EngineMaterials/WeightMapArrayPlaceholderTexture.uexp" 109
"../../../Engine/Content/EngineMaterials/DefaultWhiteGrid.ubulk" 110
"../../../Engine/Content/EngineMaterials/DefaultWhiteGrid.uasset" 111
"../../../Engine/Content/EngineMaterials/DefaultWhiteGrid.uexp" 112
"../../../Engine/Content/EngineMaterials/PreintegratedSkinBRDF.uasset" 113
"../../../Engine/Content/EngineMaterials/PreintegratedSkinBRDF.uexp" 114
"../../../Engine/Content/Functions/Engine_MaterialFunctions02/WorldPositionOffset/CameraOffset.uasset" 115
"../../../Engine/Content/Functions/Engine_MaterialFunctions02/WorldPositionOffset/CameraOffset.uexp" 116
"../../../Engine/Plugins/Animation/ControlRig/Content/M_Manip.uasset" 117
"../../../Engine/Plugins/Animation/ControlRig/Content/M_Manip.uexp" 118
"../../../Engine/Plugins/Animation/ACLPlugin/Content/ACLAnimCurveCompressionSettings.uasset" 119
"../../../Engine/Plugins/Animation/ACLPlugin/Content/ACLAnimCurveCompressionSettings.uexp" 120
"../../../Engine/Plugins/Animation/ACLPlugin/Content/ACLAnimBoneCompressionSettings.uasset" 121
"../../../Engine/Plugins/Animation/ACLPlugin/Content/ACLAnimBoneCompressionSettings.uexp" 122
"../../../Engine/Plugins/2D/Paper2D/Content/PlaceholderTextures/DummySpriteTexture.ubulk" 123
"../../../Engine/Plugins/2D/Paper2D/Content/PlaceholderTextures/DummySpriteTexture.uasset" 124
"../../../Engine/Plugins/2D/Paper2D/Content/PlaceholderTextures/DummySpriteTexture.uexp" 125
"../../../Engine/Plugins/2D/Paper2D/Content/DefaultSpriteMaterial.uasset" 126
"../../../Engine/Plugins/2D/Paper2D/Content/DefaultSpriteMaterial.uexp" 127
"../../../Engine/Plugins/2D/Paper2D/Content/OpaqueUnlitSpriteMaterial.uasset" 128
"../../../Engine/Plugins/2D/Paper2D/Content/OpaqueUnlitSpriteMaterial.uexp" 129
"../../../Engine/Plugins/2D/Paper2D/Content/MaskedUnlitSpriteMaterial.uasset" 130
"../../../Engine/Plugins/2D/Paper2D/Content/MaskedUnlitSpriteMaterial.uexp" 131
"../../../Engine/Plugins/2D/Paper2D/Content/DummySprite.uasset" 132
"../../../Engine/Plugins/2D/Paper2D/Content/DummySprite.uexp" 133
"../../../Engine/Plugins/2D/Paper2D/Content/DefaultPaperTerrainMaterial.uasset" 134
"../../../Engine/Plugins/2D/Paper2D/Content/DefaultPaperTerrainMaterial.uexp" 135
"../../../Engine/Content/BasicShapes/Cube.ubulk" 136
"../../../Engine/Content/BasicShapes/Cube.uasset" 137
"../../../Engine/Content/BasicShapes/Cube.uexp" 138
"../../../Engine/Content/VREditor/BasicMeshes/T_CleanFloorGrunge_01_D.ubulk" 139
"../../../Engine/Content/VREditor/BasicMeshes/T_CleanFloorGrunge_01_D.uasset" 140
"../../../Engine/Content/VREditor/BasicMeshes/T_CleanFloorGrunge_01_D.uexp" 141
"../../../Engine/Content/VREditor/BasicMeshes/M_Floor_01.uasset" 142
"../../../Engine/Content/VREditor/BasicMeshes/M_Floor_01.uexp" 143
"../../../Engine/Content/VREditor/BasicMeshes/MI_Cube_03.uasset" 144
"../../../Engine/Content/VREditor/BasicMeshes/MI_Cube_03.uexp" 145
"C:/Users/YONSAI/Documents/Unreal Projects/ShootingCPP/Content/Blueprints/BP_EnemyActor0.uasset" 146
"C:/Users/YONSAI/Documents/Unreal Projects/ShootingCPP/Content/Blueprints/BP_EnemyActor0.uexp" 147
"C:/Users/YONSAI/Documents/Unreal Projects/ShootingCPP/Content/Blueprints/BP_EnemyFactory.uasset" 148
"C:/Users/YONSAI/Documents/Unreal Projects/ShootingCPP/Content/Blueprints/BP_EnemyFactory.uexp" 149
"C:/Users/YONSAI/Documents/Unreal Projects/ShootingCPP/Content/Audio/star-wars-blaster.ubulk" 150
"C:/Users/YONSAI/Documents/Unreal Projects/ShootingCPP/Content/Audio/star-wars-blaster.uasset" 151
"C:/Users/YONSAI/Documents/Unreal Projects/ShootingCPP/Content/Audio/star-wars-blaster.uexp" 152
"../../../Engine/Plugins/Runtime/MeshModelingToolset/Content/Materials/M_DynamicMeshComponentVtxColor.uasset" 153
"../../../Engine/Plugins/Runtime/MeshModelingToolset/Content/Materials/M_DynamicMeshComponentVtxColor.uexp" 154
"../../../Engine/Plugins/Interchange/Runtime/Content/Pipelines/DefaultTexturePipeline.uasset" 155
"../../../Engine/Plugins/Interchange/Runtime/Content/Pipelines/DefaultTexturePipeline.uexp" 156
"../../../Engine/Plugins/Interchange/Runtime/Content/Pipelines/DefaultSceneLevelPipeline.uasset" 157
"../../../Engine/Plugins/Interchange/Runtime/Content/Pipelines/DefaultSceneLevelPipeline.uexp" 158
"../../../Engine/Plugins/Interchange/Runtime/Content/Pipelines/DefaultSceneAssetsPipeline.uasset" 159
"../../../Engine/Plugins/Interchange/Runtime/Content/Pipelines/DefaultSceneAssetsPipeline.uexp" 160
"../../../Engine/Plugins/Interchange/Runtime/Content/Pipelines/DefaultMaterialXPipeline.uasset" 161
"../../../Engine/Plugins/Interchange/Runtime/Content/Pipelines/DefaultMaterialXPipeline.uexp" 162
"../../../Engine/Plugins/Interchange/Runtime/Content/Pipelines/DefaultMaterialPipeline.uasset" 163
"../../../Engine/Plugins/Interchange/Runtime/Content/Pipelines/DefaultMaterialPipeline.uexp" 164
"../../../Engine/Plugins/Interchange/Runtime/Content/Pipelines/DefaultGLTFSceneAssetsPipeline.uasset" 165
"../../../Engine/Plugins/Interchange/Runtime/Content/Pipelines/DefaultGLTFSceneAssetsPipeline.uexp" 166
"../../../Engine/Plugins/Interchange/Runtime/Content/Pipelines/DefaultGLTFPipeline.uasset" 167
"../../../Engine/Plugins/Interchange/Runtime/Content/Pipelines/DefaultGLTFPipeline.uexp" 168
"../../../Engine/Plugins/Interchange/Runtime/Content/Pipelines/DefaultGLTFAssetsPipeline.uasset" 169
"../../../Engine/Plugins/Interchange/Runtime/Content/Pipelines/DefaultGLTFAssetsPipeline.uexp" 170
"../../../Engine/Plugins/Interchange/Runtime/Content/Pipelines/DefaultAssetsPipeline.uasset" 171
"../../../Engine/Plugins/Interchange/Runtime/Content/Pipelines/DefaultAssetsPipeline.uexp" 172
"../../../Engine/Plugins/Interchange/Runtime/Content/Functions/MX_UsdPreviewSurface.uasset" 173
"../../../Engine/Plugins/Interchange/Runtime/Content/Functions/MX_UsdPreviewSurface.uexp" 174
"../../../Engine/Plugins/Interchange/Runtime/Content/Functions/MX_UniformEDF.uasset" 175
"../../../Engine/Plugins/Interchange/Runtime/Content/Functions/MX_UniformEDF.uexp" 176
"../../../Engine/Plugins/Interchange/Runtime/Content/Functions/MX_TranslucentBSDF.uasset" 177
"../../../Engine/Plugins/Interchange/Runtime/Content/Functions/MX_TranslucentBSDF.uexp" 178
"../../../Engine/Plugins/Interchange/Runtime/Content/Functions/MX_ThinFilmBSDF.uasset" 179
"../../../Engine/Plugins/Interchange/Runtime/Content/Functions/MX_ThinFilmBSDF.uexp" 180
"../../../Engine/Plugins/Interchange/Runtime/Content/Functions/MX_SurfaceUnlit.uasset" 181
"../../../Engine/Plugins/Interchange/Runtime/Content/Functions/MX_SurfaceUnlit.uexp" 182
"../../../Engine/Plugins/Interchange/Runtime/Content/Functions/MX_Surface.uasset" 183
"../../../Engine/Plugins/Interchange/Runtime/Content/Functions/MX_Surface.uexp" 184
"../../../Engine/Plugins/Interchange/Runtime/Content/Functions/MX_SubsurfaceBSDF.uasset" 185
"../../../Engine/Plugins/Interchange/Runtime/Content/Functions/MX_SubsurfaceBSDF.uexp" 186
"../../../Engine/Plugins/Interchange/Runtime/Content/Functions/MX_SheenBSDF.uasset" 187
"../../../Engine/Plugins/Interchange/Runtime/Content/Functions/MX_SheenBSDF.uexp" 188
"../../../Engine/Plugins/Interchange/Runtime/Content/Functions/MX_OrenNayarBSDF.uasset" 189
"../../../Engine/Plugins/Interchange/Runtime/Content/Functions/MX_OrenNayarBSDF.uexp" 190
"../../../Engine/Content/Functions/Engine_MaterialFunctions02/Utility/CameraDirectionVector.uasset" 191
"../../../Engine/Content/Functions/Engine_MaterialFunctions02/Utility/CameraDirectionVector.uexp" 192
"../../../Engine/Content/Functions/Engine_MaterialFunctions01/Volumetrics/BeersLaw.uasset" 193
"../../../Engine/Content/Functions/Engine_MaterialFunctions01/Volumetrics/BeersLaw.uexp" 194
"../../../Engine/Content/EngineMaterials/Good64x64TilingNoiseHighFreq.uasset" 195
"../../../Engine/Content/EngineMaterials/Good64x64TilingNoiseHighFreq.uexp" 196
"../../../Engine/Content/Functions/Engine_MaterialFunctions02/Texturing/ScreenAlignedPixelToPixelUVs.uasset" 197
"../../../Engine/Content/Functions/Engine_MaterialFunctions02/Texturing/ScreenAlignedPixelToPixelUVs.uexp" 198
"../../../Engine/Plugins/Interchange/Runtime/Content/gltf/MaterialFunctions/MF_Temporal_Blur.uasset" 199
"../../../Engine/Plugins/Interchange/Runtime/Content/gltf/MaterialFunctions/MF_Temporal_Blur.uexp" 200
"../../../Engine/Plugins/Interchange/Runtime/Content/gltf/MaterialFunctions/MF_Fresnel_DS.uasset" 201
"../../../Engine/Plugins/Interchange/Runtime/Content/gltf/MaterialFunctions/MF_Fresnel_DS.uexp" 202
"../../../Engine/Content/Functions/Engine_MaterialFunctions02/Utility/BreakOutFloat3Components.uasset" 203
"../../../Engine/Content/Functions/Engine_MaterialFunctions02/Utility/BreakOutFloat3Components.uexp" 204
"../../../Engine/Plugins/Interchange/Runtime/Content/Functions/MX_Transmission.uasset" 205
"../../../Engine/Plugins/Interchange/Runtime/Content/Functions/MX_Transmission.uexp" 206
"../../../Engine/Plugins/Interchange/Runtime/Content/Functions/MF_OrenNayerView.uasset" 207
"../../../Engine/Plugins/Interchange/Runtime/Content/Functions/MF_OrenNayerView.uexp" 208
"../../../Engine/Plugins/Interchange/Runtime/Content/Functions/MF_SchlickApprox.uasset" 209
"../../../Engine/Plugins/Interchange/Runtime/Content/Functions/MF_SchlickApprox.uexp" 210
"../../../Engine/Plugins/Interchange/Runtime/Content/Utilities/New_LUT.uasset" 211
"../../../Engine/Plugins/Interchange/Runtime/Content/Utilities/New_LUT.uexp" 212
"../../../Engine/Content/Functions/Engine_MaterialFunctions03/Math/RemapValueRange.uasset" 213
"../../../Engine/Content/Functions/Engine_MaterialFunctions03/Math/RemapValueRange.uexp" 214
"../../../Engine/Plugins/Interchange/Runtime/Content/Functions/MF_Iridescence.uasset" 215
"../../../Engine/Plugins/Interchange/Runtime/Content/Functions/MF_Iridescence.uexp" 216
"../../../Engine/Plugins/Interchange/Runtime/Content/Functions/MX_StandardSurface.uasset" 217
"../../../Engine/Plugins/Interchange/Runtime/Content/Functions/MX_StandardSurface.uexp" 218
"../../../Engine/Plugins/Interchange/Runtime/Content/Functions/MX_TransmissionSurface.uasset" 219
"../../../Engine/Plugins/Interchange/Runtime/Content/Functions/MX_TransmissionSurface.uexp" 220
"../../../Engine/Plugins/Interchange/Runtime/Content/Functions/MX_OpenPBR_Translucent.uasset" 221
"../../../Engine/Plugins/Interchange/Runtime/Content/Functions/MX_OpenPBR_Translucent.uexp" 222
"../../../Engine/Plugins/Interchange/Runtime/Content/Functions/MX_OpenPBR_Opaque.uasset" 223
"../../../Engine/Plugins/Interchange/Runtime/Content/Functions/MX_OpenPBR_Opaque.uexp" 224
"../../../Engine/Plugins/Interchange/Runtime/Content/Functions/MX_MeasuredEDF.uasset" 225
"../../../Engine/Plugins/Interchange/Runtime/Content/Functions/MX_MeasuredEDF.uexp" 226
"../../../Engine/Plugins/Interchange/Runtime/Content/Functions/MX_GeneralizedSchlickBSDF.uasset" 227
"../../../Engine/Plugins/Interchange/Runtime/Content/Functions/MX_GeneralizedSchlickBSDF.uexp" 228
"../../../Engine/Plugins/Interchange/Runtime/Content/Functions/MX_DielectricBSDF.uasset" 229
"../../../Engine/Plugins/Interchange/Runtime/Content/Functions/MX_DielectricBSDF.uexp" 230
"../../../Engine/Plugins/Interchange/Runtime/Content/Functions/MX_ConicalEDF.uasset" 231
"../../../Engine/Plugins/Interchange/Runtime/Content/Functions/MX_ConicalEDF.uexp" 232
"../../../Engine/Plugins/Interchange/Runtime/Content/Functions/MX_ConductorBSDF.uasset" 233
"../../../Engine/Plugins/Interchange/Runtime/Content/Functions/MX_ConductorBSDF.uexp" 234
"../../../Engine/Plugins/Interchange/Runtime/Content/Functions/MX_BurleyDiffuseBSDF.uasset" 235
"../../../Engine/Plugins/Interchange/Runtime/Content/Functions/MX_BurleyDiffuseBSDF.uexp" 236
"../../../Engine/Plugins/Interchange/Runtime/Content/Functions/MX_AnisotropicVDF.uasset" 237
"../../../Engine/Plugins/Interchange/Runtime/Content/Functions/MX_AnisotropicVDF.uexp" 238
"../../../Engine/Plugins/Interchange/Runtime/Content/Functions/MX_AbsorptionVDF.uasset" 239
"../../../Engine/Plugins/Interchange/Runtime/Content/Functions/MX_AbsorptionVDF.uexp" 240
"../../../Engine/Plugins/Editor/SpeedTreeImporter/Content/SpeedTree9/game_wind_noise.ubulk" 241
"../../../Engine/Plugins/Editor/SpeedTreeImporter/Content/SpeedTree9/game_wind_noise.uasset" 242
"../../../Engine/Plugins/Editor/SpeedTreeImporter/Content/SpeedTree9/game_wind_noise.uexp" 243
"../../../Engine/Plugins/Editor/SpeedTreeImporter/Content/SpeedTree9/UnpackDirection.uasset" 244
"../../../Engine/Plugins/Editor/SpeedTreeImporter/Content/SpeedTree9/UnpackDirection.uexp" 245
"../../../Engine/Content/Functions/Engine_MaterialFunctions02/ObjectLocalBounds.uasset" 246
"../../../Engine/Content/Functions/Engine_MaterialFunctions02/ObjectLocalBounds.uexp" 247
"../../../Engine/Content/Functions/Engine_MaterialFunctions02/UVs/BoundingBoxBased_0-1_UVW.uasset" 248
"../../../Engine/Content/Functions/Engine_MaterialFunctions02/UVs/BoundingBoxBased_0-1_UVW.uexp" 249
"../../../Engine/Content/Functions/Engine_MaterialFunctions02/Utility/VectorLength.uasset" 250
"../../../Engine/Content/Functions/Engine_MaterialFunctions02/Utility/VectorLength.uexp" 251
"../../../Engine/Plugins/Editor/SpeedTreeImporter/Content/SpeedTree9/UnpackInteger3.uasset" 252
"../../../Engine/Plugins/Editor/SpeedTreeImporter/Content/SpeedTree9/UnpackInteger3.uexp" 253
"../../../Engine/Plugins/Editor/SpeedTreeImporter/Content/SpeedTree9/SpeedTreeCameraFacing.uasset" 254
"../../../Engine/Plugins/Editor/SpeedTreeImporter/Content/SpeedTree9/SpeedTreeCameraFacing.uexp" 255
"../../../Engine/Content/Functions/Engine_MaterialFunctions02/WorldPositionOffset/ObjectScale.uasset" 256
"../../../Engine/Content/Functions/Engine_MaterialFunctions02/WorldPositionOffset/ObjectScale.uexp" 257
"../../../Engine/Content/Functions/Engine_MaterialFunctions02/SafeNormalize.uasset" 258
"../../../Engine/Content/Functions/Engine_MaterialFunctions02/SafeNormalize.uexp" 259
"../../../Engine/Plugins/Editor/SpeedTreeImporter/Content/SpeedTree9/SpeedTreeWindMotion.uasset" 260
"../../../Engine/Plugins/Editor/SpeedTreeImporter/Content/SpeedTree9/SpeedTreeWindMotion.uexp" 261
"../../../Engine/Plugins/Editor/SpeedTreeImporter/Content/SpeedTree9/SpeedTreeBranchMotion.uasset" 262
"../../../Engine/Plugins/Editor/SpeedTreeImporter/Content/SpeedTree9/SpeedTreeBranchMotion.uexp" 263
"../../../Engine/Plugins/Editor/SpeedTreeImporter/Content/SpeedTree9/SpeedTreeWind.uasset" 264
"../../../Engine/Plugins/Editor/SpeedTreeImporter/Content/SpeedTree9/SpeedTreeWind.uexp" 265
"../../../Engine/Plugins/Editor/SpeedTreeImporter/Content/SpeedTree9/EmptyNormal.uasset" 266
"../../../Engine/Plugins/Editor/SpeedTreeImporter/Content/SpeedTree9/EmptyNormal.uexp" 267
"../../../Engine/Plugins/Editor/SpeedTreeImporter/Content/SpeedTree9/Empty.uasset" 268
"../../../Engine/Plugins/Editor/SpeedTreeImporter/Content/SpeedTree9/Empty.uexp" 269
"../../../Engine/Plugins/Editor/SpeedTreeImporter/Content/SpeedTree9/SpeedTreeMaster.uasset" 270
"../../../Engine/Plugins/Editor/SpeedTreeImporter/Content/SpeedTree9/SpeedTreeMaster.uexp" 271
"../../../Engine/Plugins/Editor/SpeedTreeImporter/Content/SpeedTree9/SpeedTreeBillboard.uasset" 272
"../../../Engine/Plugins/Editor/SpeedTreeImporter/Content/SpeedTree9/SpeedTreeBillboard.uexp" 273
"../../../Engine/Plugins/Editor/SpeedTreeImporter/Content/SpeedTree9/SpeedTreeBillboardMaster.uasset" 274
"../../../Engine/Plugins/Editor/SpeedTreeImporter/Content/SpeedTree9/SpeedTreeBillboardMaster.uexp" 275
"../../../Engine/Plugins/Animation/ControlRig/Content/Controls/DefaultGizmoLibraryNormalized.uasset" 276
"../../../Engine/Plugins/Animation/ControlRig/Content/Controls/DefaultGizmoLibraryNormalized.uexp" 277
"../../../Engine/Plugins/Animation/ControlRig/Content/Controls/ControlRig_Wedge_solid.ubulk" 278
"../../../Engine/Plugins/Animation/ControlRig/Content/Controls/ControlRig_Wedge_solid.uasset" 279
"../../../Engine/Plugins/Animation/ControlRig/Content/Controls/ControlRig_Wedge_solid.uexp" 280
"../../../Engine/Plugins/Animation/ControlRig/Content/Controls/ControlRig_Wedge_3mm.ubulk" 281
"../../../Engine/Plugins/Animation/ControlRig/Content/Controls/ControlRig_Wedge_3mm.uasset" 282
"../../../Engine/Plugins/Animation/ControlRig/Content/Controls/ControlRig_Wedge_3mm.uexp" 283
"../../../Engine/Plugins/Animation/ControlRig/Content/Controls/ControlRig_Wedge_1mm.ubulk" 284
"../../../Engine/Plugins/Animation/ControlRig/Content/Controls/ControlRig_Wedge_1mm.uasset" 285
"../../../Engine/Plugins/Animation/ControlRig/Content/Controls/ControlRig_Wedge_1mm.uexp" 286
"../../../Engine/Plugins/Animation/ControlRig/Content/Controls/ControlRig_Triangle_solid.ubulk" 287
"../../../Engine/Plugins/Animation/ControlRig/Content/Controls/ControlRig_Triangle_solid.uasset" 288
"../../../Engine/Plugins/Animation/ControlRig/Content/Controls/ControlRig_Triangle_solid.uexp" 289
"../../../Engine/Plugins/Animation/ControlRig/Content/Controls/ControlRig_Triangle_3mm.ubulk" 290
"../../../Engine/Plugins/Animation/ControlRig/Content/Controls/ControlRig_Triangle_3mm.uasset" 291
"../../../Engine/Plugins/Animation/ControlRig/Content/Controls/ControlRig_Triangle_3mm.uexp" 292
"../../../Engine/Plugins/Animation/ControlRig/Content/Controls/ControlRig_Triangle_1mm.ubulk" 293
"../../../Engine/Plugins/Animation/ControlRig/Content/Controls/ControlRig_Triangle_1mm.uasset" 294
"../../../Engine/Plugins/Animation/ControlRig/Content/Controls/ControlRig_Triangle_1mm.uexp" 295
"../../../Engine/Plugins/Animation/ControlRig/Content/Controls/ControlRig_Star4_solid.ubulk" 296
"../../../Engine/Plugins/Animation/ControlRig/Content/Controls/ControlRig_Star4_solid.uasset" 297
"../../../Engine/Plugins/Animation/ControlRig/Content/Controls/ControlRig_Star4_solid.uexp" 298
"../../../Engine/Plugins/Animation/ControlRig/Content/Controls/ControlRig_Star4_3mm.ubulk" 299
"../../../Engine/Plugins/Animation/ControlRig/Content/Controls/ControlRig_Star4_3mm.uasset" 300
"../../../Engine/Plugins/Animation/ControlRig/Content/Controls/ControlRig_Star4_3mm.uexp" 301
"../../../Engine/Plugins/Animation/ControlRig/Content/Controls/ControlRig_Star4_1mm.ubulk" 302
"../../../Engine/Plugins/Animation/ControlRig/Content/Controls/ControlRig_Star4_1mm.uasset" 303
"../../../Engine/Plugins/Animation/ControlRig/Content/Controls/ControlRig_Star4_1mm.uexp" 304
"../../../Engine/Plugins/Animation/ControlRig/Content/Controls/ControlRig_Square_solid.ubulk" 305
"../../../Engine/Plugins/Animation/ControlRig/Content/Controls/ControlRig_Square_solid.uasset" 306
"../../../Engine/Plugins/Animation/ControlRig/Content/Controls/ControlRig_Square_solid.uexp" 307
"../../../Engine/Plugins/Animation/ControlRig/Content/Controls/ControlRig_Square_3mm.ubulk" 308
"../../../Engine/Plugins/Animation/ControlRig/Content/Controls/ControlRig_Square_3mm.uasset" 309
"../../../Engine/Plugins/Animation/ControlRig/Content/Controls/ControlRig_Square_3mm.uexp" 310
"../../../Engine/Plugins/Animation/ControlRig/Content/Controls/ControlRig_Square_1mm.ubulk" 311
"../../../Engine/Plugins/Animation/ControlRig/Content/Controls/ControlRig_Square_1mm.uasset" 312
"../../../Engine/Plugins/Animation/ControlRig/Content/Controls/ControlRig_Square_1mm.uexp" 313
"../../../Engine/Plugins/Animation/ControlRig/Content/Controls/ControlRig_Sphere_solid.ubulk" 314
"../../../Engine/Plugins/Animation/ControlRig/Content/Controls/ControlRig_Sphere_solid.uasset" 315
"../../../Engine/Plugins/Animation/ControlRig/Content/Controls/ControlRig_Sphere_solid.uexp" 316
"../../../Engine/Plugins/Animation/ControlRig/Content/Controls/ControlRig_Sphere_3mm.ubulk" 317
"../../../Engine/Plugins/Animation/ControlRig/Content/Controls/ControlRig_Sphere_3mm.uasset" 318
"../../../Engine/Plugins/Animation/ControlRig/Content/Controls/ControlRig_Sphere_3mm.uexp" 319
"../../../Engine/Plugins/Animation/ControlRig/Content/Controls/ControlRig_Sphere_1mm.ubulk" 320
"../../../Engine/Plugins/Animation/ControlRig/Content/Controls/ControlRig_Sphere_1mm.uasset" 321
"../../../Engine/Plugins/Animation/ControlRig/Content/Controls/ControlRig_Sphere_1mm.uexp" 322
"../../../Engine/Plugins/Animation/ControlRig/Content/Controls/ControlRig_RoundedTriangle_solid.ubulk" 323
"../../../Engine/Plugins/Animation/ControlRig/Content/Controls/ControlRig_RoundedTriangle_solid.uasset" 324
"../../../Engine/Plugins/Animation/ControlRig/Content/Controls/ControlRig_RoundedTriangle_solid.uexp" 325
"../../../Engine/Plugins/Animation/ControlRig/Content/Controls/ControlRig_RoundedTriangle_3mm.ubulk" 326
"../../../Engine/Plugins/Animation/ControlRig/Content/Controls/ControlRig_RoundedTriangle_3mm.uasset" 327
"../../../Engine/Plugins/Animation/ControlRig/Content/Controls/ControlRig_RoundedTriangle_3mm.uexp" 328
"../../../Engine/Plugins/Animation/ControlRig/Content/Controls/ControlRig_RoundedTriangle_1mm.ubulk" 329
"../../../Engine/Plugins/Animation/ControlRig/Content/Controls/ControlRig_RoundedTriangle_1mm.uasset" 330
"../../../Engine/Plugins/Animation/ControlRig/Content/Controls/ControlRig_RoundedTriangle_1mm.uexp" 331
"../../../Engine/Plugins/Animation/ControlRig/Content/Controls/ControlRig_RoundedSquare_solid.ubulk" 332
"../../../Engine/Plugins/Animation/ControlRig/Content/Controls/ControlRig_RoundedSquare_solid.uasset" 333
"../../../Engine/Plugins/Animation/ControlRig/Content/Controls/ControlRig_RoundedSquare_solid.uexp" 334
"../../../Engine/Plugins/Animation/ControlRig/Content/Controls/ControlRig_RoundedSquare_3mm.ubulk" 335
"../../../Engine/Plugins/Animation/ControlRig/Content/Controls/ControlRig_RoundedSquare_3mm.uasset" 336
"../../../Engine/Plugins/Animation/ControlRig/Content/Controls/ControlRig_RoundedSquare_3mm.uexp" 337
"../../../Engine/Plugins/Animation/ControlRig/Content/Controls/ControlRig_RoundedSquare_1mm.ubulk" 338
"../../../Engine/Plugins/Animation/ControlRig/Content/Controls/ControlRig_RoundedSquare_1mm.uasset" 339
"../../../Engine/Plugins/Animation/ControlRig/Content/Controls/ControlRig_RoundedSquare_1mm.uexp" 340
"../../../Engine/Plugins/Animation/ControlRig/Content/Controls/ControlRig_QuarterCircle_solid.ubulk" 341
"../../../Engine/Plugins/Animation/ControlRig/Content/Controls/ControlRig_QuarterCircle_solid.uasset" 342
"../../../Engine/Plugins/Animation/ControlRig/Content/Controls/ControlRig_QuarterCircle_solid.uexp" 343
"../../../Engine/Plugins/Animation/ControlRig/Content/Controls/ControlRig_QuarterCircle_3mm.ubulk" 344
"../../../Engine/Plugins/Animation/ControlRig/Content/Controls/ControlRig_QuarterCircle_3mm.uasset" 345
"../../../Engine/Plugins/Animation/ControlRig/Content/Controls/ControlRig_QuarterCircle_3mm.uexp" 346
"../../../Engine/Plugins/Animation/ControlRig/Content/Controls/ControlRig_QuarterCircle_1mm.ubulk" 347
"../../../Engine/Plugins/Animation/ControlRig/Content/Controls/ControlRig_QuarterCircle_1mm.uasset" 348
"../../../Engine/Plugins/Animation/ControlRig/Content/Controls/ControlRig_QuarterCircle_1mm.uexp" 349
"../../../Engine/Plugins/Animation/ControlRig/Content/Controls/ControlRig_Pyramid_solid.ubulk" 350
"../../../Engine/Plugins/Animation/ControlRig/Content/Controls/ControlRig_Pyramid_solid.uasset" 351
"../../../Engine/Plugins/Animation/ControlRig/Content/Controls/ControlRig_Pyramid_solid.uexp" 352
"../../../Engine/Plugins/Animation/ControlRig/Content/Controls/ControlRig_Pyramid_3mm.ubulk" 353
"../../../Engine/Plugins/Animation/ControlRig/Content/Controls/ControlRig_Pyramid_3mm.uasset" 354
"../../../Engine/Plugins/Animation/ControlRig/Content/Controls/ControlRig_Pyramid_3mm.uexp" 355
"../../../Engine/Plugins/Animation/ControlRig/Content/Controls/ControlRig_Pyramid_1mm.ubulk" 356
"../../../Engine/Plugins/Animation/ControlRig/Content/Controls/ControlRig_Pyramid_1mm.uasset" 357
"../../../Engine/Plugins/Animation/ControlRig/Content/Controls/ControlRig_Pyramid_1mm.uexp" 358
"../../../Engine/Plugins/Animation/ControlRig/Content/Controls/ControlRig_Octagon_solid.ubulk" 359
"../../../Engine/Plugins/Animation/ControlRig/Content/Controls/ControlRig_Octagon_solid.uasset" 360
"../../../Engine/Plugins/Animation/ControlRig/Content/Controls/ControlRig_Octagon_solid.uexp" 361
"../../../Engine/Plugins/Animation/ControlRig/Content/Controls/ControlRig_Octagon_3mm.ubulk" 362
"../../../Engine/Plugins/Animation/ControlRig/Content/Controls/ControlRig_Octagon_3mm.uasset" 363
"../../../Engine/Plugins/Animation/ControlRig/Content/Controls/ControlRig_Octagon_3mm.uexp" 364
"../../../Engine/Plugins/Animation/ControlRig/Content/Controls/ControlRig_Octagon_1mm.ubulk" 365
"../../../Engine/Plugins/Animation/ControlRig/Content/Controls/ControlRig_Octagon_1mm.uasset" 366
"../../../Engine/Plugins/Animation/ControlRig/Content/Controls/ControlRig_Octagon_1mm.uexp" 367
"../../../Engine/Plugins/Animation/ControlRig/Content/Controls/ControlRig_Hexagon_solid.ubulk" 368
"../../../Engine/Plugins/Animation/ControlRig/Content/Controls/ControlRig_Hexagon_solid.uasset" 369
"../../../Engine/Plugins/Animation/ControlRig/Content/Controls/ControlRig_Hexagon_solid.uexp" 370
"../../../Engine/Plugins/Animation/ControlRig/Content/Controls/ControlRig_Hexagon_3mm.ubulk" 371
"../../../Engine/Plugins/Animation/ControlRig/Content/Controls/ControlRig_Hexagon_3mm.uasset" 372
"../../../Engine/Plugins/Animation/ControlRig/Content/Controls/ControlRig_Hexagon_3mm.uexp" 373
"../../../Engine/Plugins/Animation/ControlRig/Content/Controls/ControlRig_Hexagon_1mm.ubulk" 374
"../../../Engine/Plugins/Animation/ControlRig/Content/Controls/ControlRig_Hexagon_1mm.uasset" 375
"../../../Engine/Plugins/Animation/ControlRig/Content/Controls/ControlRig_Hexagon_1mm.uexp" 376
"../../../Engine/Plugins/Animation/ControlRig/Content/Controls/ControlRig_HalfCircle_solid.ubulk" 377
"../../../Engine/Plugins/Animation/ControlRig/Content/Controls/ControlRig_HalfCircle_solid.uasset" 378
"../../../Engine/Plugins/Animation/ControlRig/Content/Controls/ControlRig_HalfCircle_solid.uexp" 379
"../../../Engine/Plugins/Animation/ControlRig/Content/Controls/ControlRig_HalfCircle_3mm.ubulk" 380
"../../../Engine/Plugins/Animation/ControlRig/Content/Controls/ControlRig_HalfCircle_3mm.uasset" 381
"../../../Engine/Plugins/Animation/ControlRig/Content/Controls/ControlRig_HalfCircle_3mm.uexp" 382
"../../../Engine/Plugins/Animation/ControlRig/Content/Controls/ControlRig_HalfCircle_1mm.ubulk" 383
"../../../Engine/Plugins/Animation/ControlRig/Content/Controls/ControlRig_HalfCircle_1mm.uasset" 384
"../../../Engine/Plugins/Animation/ControlRig/Content/Controls/ControlRig_HalfCircle_1mm.uexp" 385
"../../../Engine/Plugins/Animation/ControlRig/Content/Controls/ControlRig_Diamond_solid.ubulk" 386
"../../../Engine/Plugins/Animation/ControlRig/Content/Controls/ControlRig_Diamond_solid.uasset" 387
"../../../Engine/Plugins/Animation/ControlRig/Content/Controls/ControlRig_Diamond_solid.uexp" 388
"../../../Engine/Plugins/Animation/ControlRig/Content/Controls/ControlRig_Diamond_3mm.ubulk" 389
"../../../Engine/Plugins/Animation/ControlRig/Content/Controls/ControlRig_Diamond_3mm.uasset" 390
"../../../Engine/Plugins/Animation/ControlRig/Content/Controls/ControlRig_Diamond_3mm.uexp" 391
"../../../Engine/Plugins/Animation/ControlRig/Content/Controls/ControlRig_Diamond_1mm.ubulk" 392
"../../../Engine/Plugins/Animation/ControlRig/Content/Controls/ControlRig_Diamond_1mm.uasset" 393
"../../../Engine/Plugins/Animation/ControlRig/Content/Controls/ControlRig_Diamond_1mm.uexp" 394
"../../../Engine/Plugins/Animation/ControlRig/Content/Controls/ControlRig_Circle_solid.ubulk" 395
"../../../Engine/Plugins/Animation/ControlRig/Content/Controls/ControlRig_Circle_solid.uasset" 396
"../../../Engine/Plugins/Animation/ControlRig/Content/Controls/ControlRig_Circle_solid.uexp" 397
"../../../Engine/Plugins/Animation/ControlRig/Content/Controls/ControlRig_Circle_3mm.ubulk" 398
"../../../Engine/Plugins/Animation/ControlRig/Content/Controls/ControlRig_Circle_3mm.uasset" 399
"../../../Engine/Plugins/Animation/ControlRig/Content/Controls/ControlRig_Circle_3mm.uexp" 400
"../../../Engine/Plugins/Animation/ControlRig/Content/Controls/ControlRig_Circle_1mm.ubulk" 401
"../../../Engine/Plugins/Animation/ControlRig/Content/Controls/ControlRig_Circle_1mm.uasset" 402
"../../../Engine/Plugins/Animation/ControlRig/Content/Controls/ControlRig_Circle_1mm.uexp" 403
"../../../Engine/Plugins/Animation/ControlRig/Content/Controls/ControlRig_Box_solid.ubulk" 404
"../../../Engine/Plugins/Animation/ControlRig/Content/Controls/ControlRig_Box_solid.uasset" 405
"../../../Engine/Plugins/Animation/ControlRig/Content/Controls/ControlRig_Box_solid.uexp" 406
"../../../Engine/Plugins/Animation/ControlRig/Content/Controls/ControlRig_Box_3mm.ubulk" 407
"../../../Engine/Plugins/Animation/ControlRig/Content/Controls/ControlRig_Box_3mm.uasset" 408
"../../../Engine/Plugins/Animation/ControlRig/Content/Controls/ControlRig_Box_3mm.uexp" 409
"../../../Engine/Plugins/Animation/ControlRig/Content/Controls/ControlRig_Box_1mm.ubulk" 410
"../../../Engine/Plugins/Animation/ControlRig/Content/Controls/ControlRig_Box_1mm.uasset" 411
"../../../Engine/Plugins/Animation/ControlRig/Content/Controls/ControlRig_Box_1mm.uexp" 412
"../../../Engine/Plugins/Animation/ControlRig/Content/Controls/ControlRig_Arrow_solid.ubulk" 413
"../../../Engine/Plugins/Animation/ControlRig/Content/Controls/ControlRig_Arrow_solid.uasset" 414
"../../../Engine/Plugins/Animation/ControlRig/Content/Controls/ControlRig_Arrow_solid.uexp" 415
"../../../Engine/Plugins/Animation/ControlRig/Content/Controls/ControlRig_Arrow_3mm.ubulk" 416
"../../../Engine/Plugins/Animation/ControlRig/Content/Controls/ControlRig_Arrow_3mm.uasset" 417
"../../../Engine/Plugins/Animation/ControlRig/Content/Controls/ControlRig_Arrow_3mm.uexp" 418
"../../../Engine/Plugins/Animation/ControlRig/Content/Controls/ControlRig_Arrow_1mm.ubulk" 419
"../../../Engine/Plugins/Animation/ControlRig/Content/Controls/ControlRig_Arrow_1mm.uasset" 420
"../../../Engine/Plugins/Animation/ControlRig/Content/Controls/ControlRig_Arrow_1mm.uexp" 421
"../../../Engine/Plugins/Animation/ControlRig/Content/Controls/ControlRig_Arrow4_solid.ubulk" 422
"../../../Engine/Plugins/Animation/ControlRig/Content/Controls/ControlRig_Arrow4_solid.uasset" 423
"../../../Engine/Plugins/Animation/ControlRig/Content/Controls/ControlRig_Arrow4_solid.uexp" 424
"../../../Engine/Plugins/Animation/ControlRig/Content/Controls/ControlRig_Arrow4_3mm.ubulk" 425
"../../../Engine/Plugins/Animation/ControlRig/Content/Controls/ControlRig_Arrow4_3mm.uasset" 426
"../../../Engine/Plugins/Animation/ControlRig/Content/Controls/ControlRig_Arrow4_3mm.uexp" 427
"../../../Engine/Plugins/Animation/ControlRig/Content/Controls/ControlRig_Arrow4_1mm.ubulk" 428
"../../../Engine/Plugins/Animation/ControlRig/Content/Controls/ControlRig_Arrow4_1mm.uasset" 429
"../../../Engine/Plugins/Animation/ControlRig/Content/Controls/ControlRig_Arrow4_1mm.uexp" 430
"../../../Engine/Plugins/Animation/ControlRig/Content/Controls/ControlRig_Arrow2_solid.ubulk" 431
"../../../Engine/Plugins/Animation/ControlRig/Content/Controls/ControlRig_Arrow2_solid.uasset" 432
"../../../Engine/Plugins/Animation/ControlRig/Content/Controls/ControlRig_Arrow2_solid.uexp" 433
"../../../Engine/Plugins/Animation/ControlRig/Content/Controls/ControlRig_Arrow2_3mm.ubulk" 434
"../../../Engine/Plugins/Animation/ControlRig/Content/Controls/ControlRig_Arrow2_3mm.uasset" 435
"../../../Engine/Plugins/Animation/ControlRig/Content/Controls/ControlRig_Arrow2_3mm.uexp" 436
"../../../Engine/Plugins/Animation/ControlRig/Content/Controls/ControlRig_Arrow2_1mm.ubulk" 437
"../../../Engine/Plugins/Animation/ControlRig/Content/Controls/ControlRig_Arrow2_1mm.uasset" 438
"../../../Engine/Plugins/Animation/ControlRig/Content/Controls/ControlRig_Arrow2_1mm.uexp" 439
"../../../Engine/Plugins/Animation/ControlRig/Content/Controls/ControlRigXRayMaterial.uasset" 440
"../../../Engine/Plugins/Animation/ControlRig/Content/Controls/ControlRigXRayMaterial.uexp" 441
"../../../Engine/Plugins/Animation/ControlRig/Content/Controls/ControlRigGizmoMaterial.uasset" 442
"../../../Engine/Plugins/Animation/ControlRig/Content/Controls/ControlRigGizmoMaterial.uexp" 443
"../../../Engine/Content/VREditor/TransformGizmo/StartRotationHandleIndicator.ubulk" 444
"../../../Engine/Content/VREditor/TransformGizmo/StartRotationHandleIndicator.uasset" 445
"../../../Engine/Content/VREditor/TransformGizmo/StartRotationHandleIndicator.uexp" 446
"../../../Engine/Content/VREditor/Sounds/UI/Drop_Item_From_ContentBrowser.ubulk" 447
"../../../Engine/Content/VREditor/Sounds/UI/Drop_Item_From_ContentBrowser.uasset" 448
"../../../Engine/Content/VREditor/Sounds/UI/Drop_Item_From_ContentBrowser.uexp" 449
"../../../Engine/Content/VREditor/TransformGizmo/PlaneTranslationHandle.ubulk" 450
"../../../Engine/Content/VREditor/TransformGizmo/PlaneTranslationHandle.uasset" 451
"../../../Engine/Content/VREditor/TransformGizmo/PlaneTranslationHandle.uexp" 452
"../../../Engine/Content/VREditor/Sounds/UI/Object_Snaps_To_Grid.ubulk" 453
"../../../Engine/Content/VREditor/Sounds/UI/Object_Snaps_To_Grid.uasset" 454
"../../../Engine/Content/VREditor/Sounds/UI/Object_Snaps_To_Grid.uexp" 455
"../../../Engine/Content/VREditor/Sounds/UI/Selection_Changes.ubulk" 456
"../../../Engine/Content/VREditor/Sounds/UI/Selection_Changes.uasset" 457
"../../../Engine/Content/VREditor/Sounds/UI/Selection_Changes.uexp" 458
"../../../Engine/Content/VREditor/Sounds/UI/Object_Snaps_To_Another_Actor.ubulk" 459
"../../../Engine/Content/VREditor/Sounds/UI/Object_Snaps_To_Another_Actor.uasset" 460
"../../../Engine/Content/VREditor/Sounds/UI/Object_Snaps_To_Another_Actor.uexp" 461
"../../../Engine/Content/VREditor/TransformGizmo/TranslucentTransformGizmoMaterial_Inst.uasset" 462
"../../../Engine/Content/VREditor/TransformGizmo/TranslucentTransformGizmoMaterial_Inst.uexp" 463
"../../../Engine/Content/VREditor/TransformGizmo/TransformGizmoFreeRotation.ubulk" 464
"../../../Engine/Content/VREditor/TransformGizmo/TransformGizmoFreeRotation.uasset" 465
"../../../Engine/Content/VREditor/TransformGizmo/TransformGizmoFreeRotation.uexp" 466
"../../../Engine/Content/VREditor/Sounds/UI/Scaling_Down.ubulk" 467
"../../../Engine/Content/VREditor/Sounds/UI/Scaling_Down.uasset" 468
"../../../Engine/Content/VREditor/Sounds/UI/Scaling_Down.uexp" 469
"../../../Engine/Content/Functions/Engine_MaterialFunctions02/Math/Transform3x3Matrix.uasset" 470
"../../../Engine/Content/Functions/Engine_MaterialFunctions02/Math/Transform3x3Matrix.uexp" 471
"../../../Engine/Content/Functions/Engine_MaterialFunctions02/SplitComponents.uasset" 472
"../../../Engine/Content/Functions/Engine_MaterialFunctions02/SplitComponents.uexp" 473
"../../../Engine/Content/Functions/Engine_MaterialFunctions02/Utility/MakeFloat3.uasset" 474
"../../../Engine/Content/Functions/Engine_MaterialFunctions02/Utility/MakeFloat3.uexp" 475
"../../../Engine/Content/VREditor/SnapGrid/SnapGridMaterial.uasset" 476
"../../../Engine/Content/VREditor/SnapGrid/SnapGridMaterial.uexp" 477
"../../../Engine/Content/VREditor/SnapGrid/SnapGridPlaneMesh.ubulk" 478
"../../../Engine/Content/VREditor/SnapGrid/SnapGridPlaneMesh.uasset" 479
"../../../Engine/Content/VREditor/SnapGrid/SnapGridPlaneMesh.uexp" 480
"../../../Engine/Content/VREditor/Sounds/UI/Scaling_Up.ubulk" 481
"../../../Engine/Content/VREditor/Sounds/UI/Scaling_Up.uasset" 482
"../../../Engine/Content/VREditor/Sounds/UI/Scaling_Up.uexp" 483
"../../../Engine/Content/VREditor/TransformGizmo/TransformGizmoMaterial_Inst.uasset" 484
"../../../Engine/Content/VREditor/TransformGizmo/TransformGizmoMaterial_Inst.uexp" 485
"../../../Engine/Content/VREditor/Sounds/UI/Gizmo_Handle_Clicked.ubulk" 486
"../../../Engine/Content/VREditor/Sounds/UI/Gizmo_Handle_Clicked.uasset" 487
"../../../Engine/Content/VREditor/Sounds/UI/Gizmo_Handle_Clicked.uexp" 488
"../../../Engine/Content/VREditor/TransformGizmo/RotationHandleQuarter.ubulk" 489
"../../../Engine/Content/VREditor/TransformGizmo/RotationHandleQuarter.uasset" 490
"../../../Engine/Content/VREditor/TransformGizmo/RotationHandleQuarter.uexp" 491
"../../../Engine/Content/VREditor/TransformGizmo/TranslateArrowHandle.ubulk" 492
"../../../Engine/Content/VREditor/TransformGizmo/TranslateArrowHandle.uasset" 493
"../../../Engine/Content/VREditor/TransformGizmo/TranslateArrowHandle.uexp" 494
"../../../Engine/Content/VREditor/TransformGizmo/RotationHandleIndicator.ubulk" 495
"../../../Engine/Content/VREditor/TransformGizmo/RotationHandleIndicator.uasset" 496
"../../../Engine/Content/VREditor/TransformGizmo/RotationHandleIndicator.uexp" 497
"../../../Engine/Content/VREditor/TransformGizmo/UniformScaleHandle.ubulk" 498
"../../../Engine/Content/VREditor/TransformGizmo/UniformScaleHandle.uasset" 499
"../../../Engine/Content/VREditor/TransformGizmo/UniformScaleHandle.uexp" 500
"../../../Engine/Content/VREditor/TransformGizmo/RotationHandleFull.ubulk" 501
"../../../Engine/Content/VREditor/TransformGizmo/RotationHandleFull.uasset" 502
"../../../Engine/Content/VREditor/TransformGizmo/RotationHandleFull.uexp" 503
"../../../Engine/Content/VREditor/Sounds/UI/Object_PickUp.ubulk" 504
"../../../Engine/Content/VREditor/Sounds/UI/Object_PickUp.uasset" 505
"../../../Engine/Content/VREditor/Sounds/UI/Object_PickUp.uexp" 506
"../../../Engine/Content/MobileResources/HUD/VirtualJoystick_Background.uasset" 507
"../../../Engine/Content/MobileResources/HUD/VirtualJoystick_Background.uexp" 508
"../../../Engine/Content/MobileResources/HUD/VirtualJoystick_Thumb.uasset" 509
"../../../Engine/Content/MobileResources/HUD/VirtualJoystick_Thumb.uexp" 510
"../../../Engine/Content/MobileResources/HUD/DefaultVirtualJoysticks.uasset" 511
"../../../Engine/Content/MobileResources/HUD/DefaultVirtualJoysticks.uexp" 512
"../../../Engine/Content/EngineSounds/Master.uasset" 513
"../../../Engine/Content/EngineSounds/Master.uexp" 514
"../../../Engine/Content/EngineSky/VolumetricClouds/CloudWeatherTexture.uasset" 515
"../../../Engine/Content/EngineSky/VolumetricClouds/CloudWeatherTexture.uexp" 516
"../../../Engine/Content/Functions/Engine_MaterialFunctions02/Utility/MakeFloat2.uasset" 517
"../../../Engine/Content/Functions/Engine_MaterialFunctions02/Utility/MakeFloat2.uexp" 518
"../../../Engine/Content/EngineSky/VolumetricClouds/CloudGradientTexture.uasset" 519
"../../../Engine/Content/EngineSky/VolumetricClouds/CloudGradientTexture.uexp" 520
"../../../Engine/Content/EngineSky/VolumetricClouds/T_NoiseShape64.ubulk" 521
"../../../Engine/Content/EngineSky/VolumetricClouds/T_NoiseShape64.uasset" 522
"../../../Engine/Content/EngineSky/VolumetricClouds/T_NoiseShape64.uexp" 523
"../../../Engine/Content/EngineSky/VolumetricClouds/T_VolumeNoiseShape64.uasset" 524
"../../../Engine/Content/EngineSky/VolumetricClouds/T_VolumeNoiseShape64.uexp" 525
"../../../Engine/Content/EngineSky/VolumetricClouds/T_NoiseErosion.ubulk" 526
"../../../Engine/Content/EngineSky/VolumetricClouds/T_NoiseErosion.uasset" 527
"../../../Engine/Content/EngineSky/VolumetricClouds/T_NoiseErosion.uexp" 528
"../../../Engine/Content/EngineSky/VolumetricClouds/T_VolumeNoiseErosion32.uasset" 529
"../../../Engine/Content/EngineSky/VolumetricClouds/T_VolumeNoiseErosion32.uexp" 530
"../../../Engine/Content/EngineSky/VolumetricClouds/m_SimpleVolumetricCloud.uasset" 531
"../../../Engine/Content/EngineSky/VolumetricClouds/m_SimpleVolumetricCloud.uexp" 532
"../../../Engine/Content/EngineSky/VolumetricClouds/m_SimpleVolumetricCloud_Inst.uasset" 533
"../../../Engine/Content/EngineSky/VolumetricClouds/m_SimpleVolumetricCloud_Inst.uexp" 534
"../../../Engine/Content/EngineResources/FilmGrains/Marcie_Grain_v3_128_M2_000.uasset" 535
"../../../Engine/Content/EngineResources/FilmGrains/Marcie_Grain_v3_128_M2_000.uexp" 536
"../../../Engine/Content/EngineResources/WhiteSquareTexture.uasset" 537
"../../../Engine/Content/EngineResources/WhiteSquareTexture.uexp" 538
"../../../Engine/Content/EngineMaterials/Widget3DPassThrough.uasset" 539
"../../../Engine/Content/EngineMaterials/Widget3DPassThrough.uexp" 540
"../../../Engine/Content/EngineMaterials/Widget3DPassThrough_Translucent.uasset" 541
"../../../Engine/Content/EngineMaterials/Widget3DPassThrough_Translucent.uexp" 542
"../../../Engine/Content/EngineMaterials/Widget3DPassThrough_Translucent_OneSided.uasset" 543
"../../../Engine/Content/EngineMaterials/Widget3DPassThrough_Translucent_OneSided.uexp" 544
"../../../Engine/Content/EngineMaterials/Widget3DPassThrough_Opaque.uasset" 545
"../../../Engine/Content/EngineMaterials/Widget3DPassThrough_Opaque.uexp" 546
"../../../Engine/Content/EngineMaterials/Widget3DPassThrough_Opaque_OneSided.uasset" 547
"../../../Engine/Content/EngineMaterials/Widget3DPassThrough_Opaque_OneSided.uexp" 548
"../../../Engine/Content/EngineMaterials/Widget3DPassThrough_Masked_OneSided.uasset" 549
"../../../Engine/Content/EngineMaterials/Widget3DPassThrough_Masked_OneSided.uexp" 550
"../../../Engine/Content/EngineMaterials/Widget3DPassThrough_Masked.uasset" 551
"../../../Engine/Content/EngineMaterials/Widget3DPassThrough_Masked.uexp" 552
"../../../Engine/Content/EngineMaterials/STBlueNoise_vec2_128x128x64.uasset" 553
"../../../Engine/Content/EngineMaterials/STBlueNoise_vec2_128x128x64.uexp" 554
"../../../Engine/Content/EngineMaterials/STBlueNoise_scalar_128x128x64.uasset" 555
"../../../Engine/Content/EngineMaterials/STBlueNoise_scalar_128x128x64.uexp" 556
"../../../Engine/Content/EngineMaterials/RemoveSurfaceMaterial.uasset" 557
"../../../Engine/Content/EngineMaterials/RemoveSurfaceMaterial.uexp" 558
"../../../Engine/Content/EngineMaterials/DefaultCalibrationGrayscale.uasset" 559
"../../../Engine/Content/EngineMaterials/DefaultCalibrationGrayscale.uexp" 560
"../../../Engine/Content/EngineMaterials/PPM_DefaultCalibrationGrayscale.uasset" 561
"../../../Engine/Content/EngineMaterials/PPM_DefaultCalibrationGrayscale.uexp" 562
"../../../Engine/Content/EngineMaterials/DefaultCalibrationColor.uasset" 563
"../../../Engine/Content/EngineMaterials/DefaultCalibrationColor.uexp" 564
"../../../Engine/Content/EngineMaterials/PPM_DefaultCalibrationColor.uasset" 565
"../../../Engine/Content/EngineMaterials/PPM_DefaultCalibrationColor.uexp" 566
"../../../Engine/Content/EngineMaterials/PhAT_JointLimitMaterial.uasset" 567
"../../../Engine/Content/EngineMaterials/PhAT_JointLimitMaterial.uexp" 568
"../../../Engine/Content/EngineMaterials/NaniteHiddenSectionMaterial.uasset" 569
"../../../Engine/Content/EngineMaterials/NaniteHiddenSectionMaterial.uexp" 570
"../../../Engine/Content/EngineMaterials/InvalidLightmapSettings.ubulk" 571
"../../../Engine/Content/EngineMaterials/InvalidLightmapSettings.uasset" 572
"../../../Engine/Content/EngineMaterials/InvalidLightmapSettings.uexp" 573
"../../../Engine/Content/EngineMaterials/M_InvalidLightmapSettings.uasset" 574
"../../../Engine/Content/EngineMaterials/M_InvalidLightmapSettings.uexp" 575
"../../../Engine/Content/EngineMaterials/GizmoMaterial.uasset" 576
"../../../Engine/Content/EngineMaterials/GizmoMaterial.uexp" 577
"../../../Engine/Content/EngineMaterials/BaseFlattenEmissiveMap_VT.uasset" 578
"../../../Engine/Content/EngineMaterials/BaseFlattenEmissiveMap_VT.uexp" 579
"../../../Engine/Content/EngineMaterials/BaseFlattenGrayscaleMap_VT.uasset" 580
"../../../Engine/Content/EngineMaterials/BaseFlattenGrayscaleMap_VT.uexp" 581
"../../../Engine/Content/EngineMaterials/BaseFlattenLinearColor_VT.uasset" 582
"../../../Engine/Content/EngineMaterials/BaseFlattenLinearColor_VT.uexp" 583
"../../../Engine/Content/EngineMaterials/Black_1x1_EXR_Texture_VT.uasset" 584
"../../../Engine/Content/EngineMaterials/Black_1x1_EXR_Texture_VT.uexp" 585
"../../../Engine/Content/EngineMaterials/BaseFlattenDiffuseMap_VT.uasset" 586
"../../../Engine/Content/EngineMaterials/BaseFlattenDiffuseMap_VT.uexp" 587
"../../../Engine/Content/EngineMaterials/BaseFlattenNormalMap_VT.uasset" 588
"../../../Engine/Content/EngineMaterials/BaseFlattenNormalMap_VT.uexp" 589
"../../../Engine/Content/EngineMaterials/FlattenMaterial_WS_Normal_VT.uasset" 590
"../../../Engine/Content/EngineMaterials/FlattenMaterial_WS_Normal_VT.uexp" 591
"../../../Engine/Content/EngineMaterials/FlattenMaterial_VT.uasset" 592
"../../../Engine/Content/EngineMaterials/FlattenMaterial_VT.uexp" 593
"../../../Engine/Content/EngineMaterials/BaseFlattenNormalMap.uasset" 594
"../../../Engine/Content/EngineMaterials/BaseFlattenNormalMap.uexp" 595
"../../../Engine/Content/EngineMaterials/BaseFlattenGrayscaleMap.uasset" 596
"../../../Engine/Content/EngineMaterials/BaseFlattenGrayscaleMap.uexp" 597
"../../../Engine/Content/EngineMaterials/BaseFlattenDiffuseMap.uasset" 598
"../../../Engine/Content/EngineMaterials/BaseFlattenDiffuseMap.uexp" 599
"../../../Engine/Content/Functions/Engine_MaterialFunctions02/PivotPainter2/Black_1x1_EXR_Texture.uasset" 600
"../../../Engine/Content/Functions/Engine_MaterialFunctions02/PivotPainter2/Black_1x1_EXR_Texture.uexp" 601
"../../../Engine/Content/EngineMaterials/BaseFlattenEmissiveMap.uasset" 602
"../../../Engine/Content/EngineMaterials/BaseFlattenEmissiveMap.uexp" 603
"../../../Engine/Content/EngineMaterials/BaseFlattenLinearColor.uasset" 604
"../../../Engine/Content/EngineMaterials/BaseFlattenLinearColor.uexp" 605
"../../../Engine/Content/EngineMaterials/FlattenMaterial.uasset" 606
"../../../Engine/Content/EngineMaterials/FlattenMaterial.uexp" 607
"../../../Engine/Content/EngineMaterials/DefaultWhiteGrid_Low.uasset" 608
"../../../Engine/Content/EngineMaterials/DefaultWhiteGrid_Low.uexp" 609
"../../../Engine/Content/EngineMaterials/EmissiveMeshMaterial.uasset" 610
"../../../Engine/Content/EngineMaterials/EmissiveMeshMaterial.uexp" 611
"../../../Engine/Content/EngineFonts/RobotoDistanceField.uasset" 612
"../../../Engine/Content/EngineFonts/RobotoDistanceField.uexp" 613
"../../../Engine/Content/EngineMaterials/DefaultTextMaterialOpaque.uasset" 614
"../../../Engine/Content/EngineMaterials/DefaultTextMaterialOpaque.uexp" 615
"../../../Engine/Content/EngineMaterials/DefaultDiffuse.ubulk" 616
"../../../Engine/Content/EngineMaterials/DefaultDiffuse.uasset" 617
"../../../Engine/Content/EngineMaterials/DefaultDiffuse.uexp" 618
"../../../Engine/Content/Functions/Engine_MaterialFunctions02/Utility/BreakOutFloat2Components.uasset" 619
"../../../Engine/Content/Functions/Engine_MaterialFunctions02/Utility/BreakOutFloat2Components.uexp" 620
"../../../Engine/Content/EngineMaterials/DefaultPostProcessMaterial.uasset" 621
"../../../Engine/Content/EngineMaterials/DefaultPostProcessMaterial.uexp" 622
"../../../Engine/Content/EngineMaterials/DefaultPhysicalMaterial.uasset" 623
"../../../Engine/Content/EngineMaterials/DefaultPhysicalMaterial.uexp" 624
"../../../Engine/Content/EngineMaterials/DefaultLightFunctionMaterial.uasset" 625
"../../../Engine/Content/EngineMaterials/DefaultLightFunctionMaterial.uexp" 626
"../../../Engine/Content/EngineMaterials/DefaultDestructiblePhysicalMaterial.uasset" 627
"../../../Engine/Content/EngineMaterials/DefaultDestructiblePhysicalMaterial.uexp" 628
"../../../Engine/Content/EngineMaterials/DefaultDeferredDecalMaterial.uasset" 629
"../../../Engine/Content/EngineMaterials/DefaultDeferredDecalMaterial.uexp" 630
"../../../Engine/Content/EngineMaterials/DefaultBloomKernel.uasset" 631
"../../../Engine/Content/EngineMaterials/DefaultBloomKernel.uexp" 632
"../../../Engine/Content/EngineFonts/Faces/RobotoLight.uexp" 633
"../../../Engine/Content/EngineFonts/Faces/RobotoLight.uasset" 634
"../../../Engine/Content/EngineFonts/Faces/RobotoLight.ufont" 635
"../../../Engine/Content/EngineFonts/Faces/RobotoBold.uexp" 636
"../../../Engine/Content/EngineFonts/Faces/RobotoBold.uasset" 637
"../../../Engine/Content/EngineFonts/Faces/RobotoBold.ufont" 638
"../../../Engine/Content/EngineFonts/Faces/RobotoRegular.uexp" 639
"../../../Engine/Content/EngineFonts/Faces/RobotoRegular.uasset" 640
"../../../Engine/Content/EngineFonts/Faces/RobotoRegular.ufont" 641
"../../../Engine/Content/EngineFonts/Faces/DroidSansFallback.uexp" 642
"../../../Engine/Content/EngineFonts/Faces/DroidSansFallback.uasset" 643
"../../../Engine/Content/EngineFonts/Faces/DroidSansFallback.ufont" 644
"../../../Engine/Content/EngineFonts/Faces/RobotoItalic.uexp" 645
"../../../Engine/Content/EngineFonts/Faces/RobotoItalic.uasset" 646
"../../../Engine/Content/EngineFonts/Faces/RobotoItalic.ufont" 647
"../../../Engine/Content/EngineFonts/Faces/RobotoBoldItalic.uexp" 648
"../../../Engine/Content/EngineFonts/Faces/RobotoBoldItalic.uasset" 649
"../../../Engine/Content/EngineFonts/Faces/RobotoBoldItalic.ufont" 650
"../../../Engine/Content/EngineFonts/Roboto.uasset" 651
"../../../Engine/Content/EngineFonts/Roboto.uexp" 652
"../../../Engine/Content/EngineDebugMaterials/VolumeToRender.uasset" 653
"../../../Engine/Content/EngineDebugMaterials/VolumeToRender.uexp" 654
"../../../Engine/Content/EngineDebugMaterials/M_VolumeRenderSphereTracePP.uasset" 655
"../../../Engine/Content/EngineDebugMaterials/M_VolumeRenderSphereTracePP.uexp" 656
"../../../Engine/Content/EngineDebugMaterials/M_SimpleUnlitTranslucent.uasset" 657
"../../../Engine/Content/EngineDebugMaterials/M_SimpleUnlitTranslucent.uexp" 658
"../../../Engine/Content/EngineDebugMaterials/DebugMeshMaterial.uasset" 659
"../../../Engine/Content/EngineDebugMaterials/DebugMeshMaterial.uexp" 660
"../../../Engine/Content/EngineDebugMaterials/DebugEditorMaterial.uasset" 661
"../../../Engine/Content/EngineDebugMaterials/DebugEditorMaterial.uexp" 662
"../../../Engine/Content/EngineDamageTypes/DmgTypeBP_Environmental.uasset" 663
"../../../Engine/Content/EngineDamageTypes/DmgTypeBP_Environmental.uexp" 664
"../../../Engine/Content/EditorResources/S_Terrain.ubulk" 665
"../../../Engine/Content/EditorResources/S_Terrain.uasset" 666
"../../../Engine/Content/EditorResources/S_Terrain.uexp" 667
"../../../Engine/Content/EditorResources/EmptyActor.uasset" 668
"../../../Engine/Content/EditorResources/EmptyActor.uexp" 669
"../../../Engine/Content/EditorResources/BSPVertex.uasset" 670
"../../../Engine/Content/EditorResources/BSPVertex.uexp" 671
"../../../Engine/Content/EditorResources/SequenceRecorder/RecordingIndicator.uasset" 672
"../../../Engine/Content/EditorResources/SequenceRecorder/RecordingIndicator.uexp" 673
"../../../Engine/Content/EditorResources/SequenceRecorder/Countdown.uasset" 674
"../../../Engine/Content/EditorResources/SequenceRecorder/Countdown.uexp" 675
"../../../Engine/Content/EditorMaterials/PreviewShadowIndicator.ubulk" 676
"../../../Engine/Content/EditorMaterials/PreviewShadowIndicator.uasset" 677
"../../../Engine/Content/EditorMaterials/PreviewShadowIndicator.uexp" 678
"../../../Engine/Content/EditorMaterials/PreviewShadowIndicatorMaterial.uasset" 679
"../../../Engine/Content/EditorMaterials/PreviewShadowIndicatorMaterial.uexp" 680
"../../../Engine/Content/EditorMaterials/PhAT_UnselectedMaterial.uasset" 681
"../../../Engine/Content/EditorMaterials/PhAT_UnselectedMaterial.uexp" 682
"../../../Engine/Content/EditorMaterials/PhAT_NoCollisionMaterial.uasset" 683
"../../../Engine/Content/EditorMaterials/PhAT_NoCollisionMaterial.uexp" 684
"../../../Engine/Content/EditorMaterials/Dataflow/DataflowVertexMaterial.uasset" 685
"../../../Engine/Content/EditorMaterials/Dataflow/DataflowVertexMaterial.uexp" 686
"../../../Engine/Content/EditorLandscapeResources/DefaultAlphaTexture.uasset" 687
"../../../Engine/Content/EditorLandscapeResources/DefaultAlphaTexture.uexp" 688
"../../../Engine/Content/EditorLandscapeResources/DataLayer.uasset" 689
"../../../Engine/Content/EditorLandscapeResources/DataLayer.uexp" 690
"../../../Engine/Content/EngineMaterials/DefaultMaterial.uasset" 691
"../../../Engine/Content/EngineMaterials/DefaultMaterial.uexp" 692
"../../../Engine/Content/BasicShapes/Sphere.ubulk" 693
"../../../Engine/Content/BasicShapes/Sphere.uasset" 694
"../../../Engine/Content/BasicShapes/Sphere.uexp" 695
"../../../Engine/Content/BasicShapes/Plane.ubulk" 696
"../../../Engine/Content/BasicShapes/Plane.uasset" 697
"../../../Engine/Content/BasicShapes/Plane.uexp" 698
"../../../Engine/Content/BasicShapes/Cylinder.ubulk" 699
"../../../Engine/Content/BasicShapes/Cylinder.uasset" 700
"../../../Engine/Content/BasicShapes/Cylinder.uexp" 701
"../../../Engine/Content/BasicShapes/Cone.ubulk" 702
"../../../Engine/Content/BasicShapes/Cone.uasset" 703
"../../../Engine/Content/BasicShapes/Cone.uexp" 704
"../../../Engine/Content/Animation/DefaultVariableFrameStrippingSettings.uasset" 705
"../../../Engine/Content/Animation/DefaultVariableFrameStrippingSettings.uexp" 706
"../../../Engine/Content/Animation/DefaultRecorderBoneCompression.uasset" 707
"../../../Engine/Content/Animation/DefaultRecorderBoneCompression.uexp" 708
"C:/Users/YONSAI/Documents/Unreal Projects/ShootingCPP/Content/StarterContent/Textures/T_TableRound_N.ubulk" 709
"C:/Users/YONSAI/Documents/Unreal Projects/ShootingCPP/Content/StarterContent/Textures/T_TableRound_N.uasset" 710
"C:/Users/YONSAI/Documents/Unreal Projects/ShootingCPP/Content/StarterContent/Textures/T_TableRound_N.uexp" 711
"C:/Users/YONSAI/Documents/Unreal Projects/ShootingCPP/Content/StarterContent/Textures/T_TableRound_M.ubulk" 712
"C:/Users/YONSAI/Documents/Unreal Projects/ShootingCPP/Content/StarterContent/Textures/T_TableRound_M.uasset" 713
"C:/Users/YONSAI/Documents/Unreal Projects/ShootingCPP/Content/StarterContent/Textures/T_TableRound_M.uexp" 714
"C:/Users/YONSAI/Documents/Unreal Projects/ShootingCPP/Content/StarterContent/Textures/T_Statue_N.ubulk" 715
"C:/Users/YONSAI/Documents/Unreal Projects/ShootingCPP/Content/StarterContent/Textures/T_Statue_N.uasset" 716
"C:/Users/YONSAI/Documents/Unreal Projects/ShootingCPP/Content/StarterContent/Textures/T_Statue_N.uexp" 717
"C:/Users/YONSAI/Documents/Unreal Projects/ShootingCPP/Content/StarterContent/Textures/T_Statue_M.ubulk" 718
"C:/Users/YONSAI/Documents/Unreal Projects/ShootingCPP/Content/StarterContent/Textures/T_Statue_M.uasset" 719
"C:/Users/YONSAI/Documents/Unreal Projects/ShootingCPP/Content/StarterContent/Textures/T_Statue_M.uexp" 720
"C:/Users/YONSAI/Documents/Unreal Projects/ShootingCPP/Content/StarterContent/Textures/T_Shelf_N.ubulk" 721
"C:/Users/YONSAI/Documents/Unreal Projects/ShootingCPP/Content/StarterContent/Textures/T_Shelf_N.uasset" 722
"C:/Users/YONSAI/Documents/Unreal Projects/ShootingCPP/Content/StarterContent/Textures/T_Shelf_N.uexp" 723
"C:/Users/YONSAI/Documents/Unreal Projects/ShootingCPP/Content/StarterContent/Textures/T_Shelf_M.ubulk" 724
"C:/Users/YONSAI/Documents/Unreal Projects/ShootingCPP/Content/StarterContent/Textures/T_Shelf_M.uasset" 725
"C:/Users/YONSAI/Documents/Unreal Projects/ShootingCPP/Content/StarterContent/Textures/T_Shelf_M.uexp" 726
"C:/Users/YONSAI/Documents/Unreal Projects/ShootingCPP/Content/StarterContent/Textures/T_RockMesh_N.ubulk" 727
"C:/Users/YONSAI/Documents/Unreal Projects/ShootingCPP/Content/StarterContent/Textures/T_RockMesh_N.uasset" 728
"C:/Users/YONSAI/Documents/Unreal Projects/ShootingCPP/Content/StarterContent/Textures/T_RockMesh_N.uexp" 729
"C:/Users/YONSAI/Documents/Unreal Projects/ShootingCPP/Content/StarterContent/Textures/T_RockMesh_M.ubulk" 730
"C:/Users/YONSAI/Documents/Unreal Projects/ShootingCPP/Content/StarterContent/Textures/T_RockMesh_M.uasset" 731
"C:/Users/YONSAI/Documents/Unreal Projects/ShootingCPP/Content/StarterContent/Textures/T_RockMesh_M.uexp" 732
"C:/Users/YONSAI/Documents/Unreal Projects/ShootingCPP/Content/StarterContent/Textures/T_Lamp_N.ubulk" 733
"C:/Users/YONSAI/Documents/Unreal Projects/ShootingCPP/Content/StarterContent/Textures/T_Lamp_N.uasset" 734
"C:/Users/YONSAI/Documents/Unreal Projects/ShootingCPP/Content/StarterContent/Textures/T_Lamp_N.uexp" 735
"C:/Users/YONSAI/Documents/Unreal Projects/ShootingCPP/Content/StarterContent/Textures/T_Lamp_M.ubulk" 736
"C:/Users/YONSAI/Documents/Unreal Projects/ShootingCPP/Content/StarterContent/Textures/T_Lamp_M.uasset" 737
"C:/Users/YONSAI/Documents/Unreal Projects/ShootingCPP/Content/StarterContent/Textures/T_Lamp_M.uexp" 738
"C:/Users/YONSAI/Documents/Unreal Projects/ShootingCPP/Content/StarterContent/Textures/T_Frame_N.ubulk" 739
"C:/Users/YONSAI/Documents/Unreal Projects/ShootingCPP/Content/StarterContent/Textures/T_Frame_N.uasset" 740
"C:/Users/YONSAI/Documents/Unreal Projects/ShootingCPP/Content/StarterContent/Textures/T_Frame_N.uexp" 741
"C:/Users/YONSAI/Documents/Unreal Projects/ShootingCPP/Content/StarterContent/Textures/T_Frame_M.ubulk" 742
"C:/Users/YONSAI/Documents/Unreal Projects/ShootingCPP/Content/StarterContent/Textures/T_Frame_M.uasset" 743
"C:/Users/YONSAI/Documents/Unreal Projects/ShootingCPP/Content/StarterContent/Textures/T_Frame_M.uexp" 744
"C:/Users/YONSAI/Documents/Unreal Projects/ShootingCPP/Content/StarterContent/Textures/T_Door_N.ubulk" 745
"C:/Users/YONSAI/Documents/Unreal Projects/ShootingCPP/Content/StarterContent/Textures/T_Door_N.uasset" 746
"C:/Users/YONSAI/Documents/Unreal Projects/ShootingCPP/Content/StarterContent/Textures/T_Door_N.uexp" 747
"C:/Users/YONSAI/Documents/Unreal Projects/ShootingCPP/Content/StarterContent/Textures/T_Door_M.ubulk" 748
"C:/Users/YONSAI/Documents/Unreal Projects/ShootingCPP/Content/StarterContent/Textures/T_Door_M.uasset" 749
"C:/Users/YONSAI/Documents/Unreal Projects/ShootingCPP/Content/StarterContent/Textures/T_Door_M.uexp" 750
"C:/Users/YONSAI/Documents/Unreal Projects/ShootingCPP/Content/StarterContent/Textures/T_Chair_N.ubulk" 751
"C:/Users/YONSAI/Documents/Unreal Projects/ShootingCPP/Content/StarterContent/Textures/T_Chair_N.uasset" 752
"C:/Users/YONSAI/Documents/Unreal Projects/ShootingCPP/Content/StarterContent/Textures/T_Chair_N.uexp" 753
"C:/Users/YONSAI/Documents/Unreal Projects/ShootingCPP/Content/StarterContent/Textures/T_Chair_M.ubulk" 754
"C:/Users/YONSAI/Documents/Unreal Projects/ShootingCPP/Content/StarterContent/Textures/T_Chair_M.uasset" 755
"C:/Users/YONSAI/Documents/Unreal Projects/ShootingCPP/Content/StarterContent/Textures/T_Chair_M.uexp" 756
"C:/Users/YONSAI/Documents/Unreal Projects/ShootingCPP/Content/StarterContent/Textures/T_Bush_N.ubulk" 757
"C:/Users/YONSAI/Documents/Unreal Projects/ShootingCPP/Content/StarterContent/Textures/T_Bush_N.uasset" 758
"C:/Users/YONSAI/Documents/Unreal Projects/ShootingCPP/Content/StarterContent/Textures/T_Bush_N.uexp" 759
"C:/Users/YONSAI/Documents/Unreal Projects/ShootingCPP/Content/StarterContent/Textures/T_Bush_D.ubulk" 760
"C:/Users/YONSAI/Documents/Unreal Projects/ShootingCPP/Content/StarterContent/Textures/T_Bush_D.uasset" 761
"C:/Users/YONSAI/Documents/Unreal Projects/ShootingCPP/Content/StarterContent/Textures/T_Bush_D.uexp" 762
"C:/Users/YONSAI/Documents/Unreal Projects/ShootingCPP/Content/StarterContent/Textures/T_Smoke_SubUV.ubulk" 763
"C:/Users/YONSAI/Documents/Unreal Projects/ShootingCPP/Content/StarterContent/Textures/T_Smoke_SubUV.uasset" 764
"C:/Users/YONSAI/Documents/Unreal Projects/ShootingCPP/Content/StarterContent/Textures/T_Smoke_SubUV.uexp" 765
"C:/Users/YONSAI/Documents/Unreal Projects/ShootingCPP/Content/StarterContent/Textures/T_Smoke_Tiled_D.ubulk" 766
"C:/Users/YONSAI/Documents/Unreal Projects/ShootingCPP/Content/StarterContent/Textures/T_Smoke_Tiled_D.uasset" 767
"C:/Users/YONSAI/Documents/Unreal Projects/ShootingCPP/Content/StarterContent/Textures/T_Smoke_Tiled_D.uexp" 768
"C:/Users/YONSAI/Documents/Unreal Projects/ShootingCPP/Content/StarterContent/Particles/Materials/M_smoke_subUV.uasset" 769
"C:/Users/YONSAI/Documents/Unreal Projects/ShootingCPP/Content/StarterContent/Particles/Materials/M_smoke_subUV.uexp" 770
"C:/Users/YONSAI/Documents/Unreal Projects/ShootingCPP/Content/StarterContent/Particles/P_Steam_Lit.uasset" 771
"C:/Users/YONSAI/Documents/Unreal Projects/ShootingCPP/Content/StarterContent/Particles/P_Steam_Lit.uexp" 772
"C:/Users/YONSAI/Documents/Unreal Projects/ShootingCPP/Content/StarterContent/Textures/T_Spark_Core.ubulk" 773
"C:/Users/YONSAI/Documents/Unreal Projects/ShootingCPP/Content/StarterContent/Textures/T_Spark_Core.uasset" 774
"C:/Users/YONSAI/Documents/Unreal Projects/ShootingCPP/Content/StarterContent/Textures/T_Spark_Core.uexp" 775
"C:/Users/YONSAI/Documents/Unreal Projects/ShootingCPP/Content/StarterContent/Particles/Materials/M_Spark.uasset" 776
"C:/Users/YONSAI/Documents/Unreal Projects/ShootingCPP/Content/StarterContent/Particles/Materials/M_Spark.uexp" 777
"../../../Engine/Content/Functions/Engine_MaterialFunctions01/Gradient/RadialGradient.uasset" 778
"../../../Engine/Content/Functions/Engine_MaterialFunctions01/Gradient/RadialGradient.uexp" 779
"C:/Users/YONSAI/Documents/Unreal Projects/ShootingCPP/Content/StarterContent/Particles/Materials/M_Radial_Gradient.uasset" 780
"C:/Users/YONSAI/Documents/Unreal Projects/ShootingCPP/Content/StarterContent/Particles/Materials/M_Radial_Gradient.uexp" 781
"C:/Users/YONSAI/Documents/Unreal Projects/ShootingCPP/Content/StarterContent/Particles/P_Sparks.uasset" 782
"C:/Users/YONSAI/Documents/Unreal Projects/ShootingCPP/Content/StarterContent/Particles/P_Sparks.uexp" 783
"C:/Users/YONSAI/Documents/Unreal Projects/ShootingCPP/Content/StarterContent/Particles/P_Smoke.uasset" 784
"C:/Users/YONSAI/Documents/Unreal Projects/ShootingCPP/Content/StarterContent/Particles/P_Smoke.uexp" 785
"C:/Users/YONSAI/Documents/Unreal Projects/ShootingCPP/Content/StarterContent/Textures/T_Fire_Tiled_D.ubulk" 786
"C:/Users/YONSAI/Documents/Unreal Projects/ShootingCPP/Content/StarterContent/Textures/T_Fire_Tiled_D.uasset" 787
"C:/Users/YONSAI/Documents/Unreal Projects/ShootingCPP/Content/StarterContent/Textures/T_Fire_Tiled_D.uexp" 788
"C:/Users/YONSAI/Documents/Unreal Projects/ShootingCPP/Content/StarterContent/Textures/T_Fire_SubUV.ubulk" 789
"C:/Users/YONSAI/Documents/Unreal Projects/ShootingCPP/Content/StarterContent/Textures/T_Fire_SubUV.uasset" 790
"C:/Users/YONSAI/Documents/Unreal Projects/ShootingCPP/Content/StarterContent/Textures/T_Fire_SubUV.uexp" 791
"C:/Users/YONSAI/Documents/Unreal Projects/ShootingCPP/Content/StarterContent/Particles/Materials/M_Fire_SubUV.uasset" 792
"C:/Users/YONSAI/Documents/Unreal Projects/ShootingCPP/Content/StarterContent/Particles/Materials/M_Fire_SubUV.uexp" 793
"C:/Users/YONSAI/Documents/Unreal Projects/ShootingCPP/Content/StarterContent/Textures/T_Water_N.ubulk" 794
"C:/Users/YONSAI/Documents/Unreal Projects/ShootingCPP/Content/StarterContent/Textures/T_Water_N.uasset" 795
"C:/Users/YONSAI/Documents/Unreal Projects/ShootingCPP/Content/StarterContent/Textures/T_Water_N.uexp" 796
"C:/Users/YONSAI/Documents/Unreal Projects/ShootingCPP/Content/StarterContent/Particles/Materials/M_Heat_Distortion.uasset" 797
"C:/Users/YONSAI/Documents/Unreal Projects/ShootingCPP/Content/StarterContent/Particles/Materials/M_Heat_Distortion.uexp" 798
"C:/Users/YONSAI/Documents/Unreal Projects/ShootingCPP/Content/StarterContent/Particles/P_Fire.uasset" 799
"C:/Users/YONSAI/Documents/Unreal Projects/ShootingCPP/Content/StarterContent/Particles/P_Fire.uexp" 800
"C:/Users/YONSAI/Documents/Unreal Projects/ShootingCPP/Content/StarterContent/Textures/T_Dust_Particle_D.ubulk" 801
"C:/Users/YONSAI/Documents/Unreal Projects/ShootingCPP/Content/StarterContent/Textures/T_Dust_Particle_D.uasset" 802
"C:/Users/YONSAI/Documents/Unreal Projects/ShootingCPP/Content/StarterContent/Textures/T_Dust_Particle_D.uexp" 803
"C:/Users/YONSAI/Documents/Unreal Projects/ShootingCPP/Content/StarterContent/Particles/Materials/M_Dust_Particle.uasset" 804
"C:/Users/YONSAI/Documents/Unreal Projects/ShootingCPP/Content/StarterContent/Particles/Materials/M_Dust_Particle.uexp" 805
"C:/Users/YONSAI/Documents/Unreal Projects/ShootingCPP/Content/StarterContent/Particles/P_Ambient_Dust.uasset" 806
"C:/Users/YONSAI/Documents/Unreal Projects/ShootingCPP/Content/StarterContent/Particles/P_Ambient_Dust.uexp" 807
"C:/Users/YONSAI/Documents/Unreal Projects/ShootingCPP/Content/StarterContent/Textures/T_Wood_Walnut_N.ubulk" 808
"C:/Users/YONSAI/Documents/Unreal Projects/ShootingCPP/Content/StarterContent/Textures/T_Wood_Walnut_N.uasset" 809
"C:/Users/YONSAI/Documents/Unreal Projects/ShootingCPP/Content/StarterContent/Textures/T_Wood_Walnut_N.uexp" 810
"C:/Users/YONSAI/Documents/Unreal Projects/ShootingCPP/Content/StarterContent/Textures/T_Wood_Walnut_D.ubulk" 811
"C:/Users/YONSAI/Documents/Unreal Projects/ShootingCPP/Content/StarterContent/Textures/T_Wood_Walnut_D.uasset" 812
"C:/Users/YONSAI/Documents/Unreal Projects/ShootingCPP/Content/StarterContent/Textures/T_Wood_Walnut_D.uexp" 813
"C:/Users/YONSAI/Documents/Unreal Projects/ShootingCPP/Content/StarterContent/Textures/T_MacroVariation.uasset" 814
"C:/Users/YONSAI/Documents/Unreal Projects/ShootingCPP/Content/StarterContent/Textures/T_MacroVariation.uexp" 815
"C:/Users/YONSAI/Documents/Unreal Projects/ShootingCPP/Content/StarterContent/Materials/M_Wood_Walnut.uasset" 816
"C:/Users/YONSAI/Documents/Unreal Projects/ShootingCPP/Content/StarterContent/Materials/M_Wood_Walnut.uexp" 817
"C:/Users/YONSAI/Documents/Unreal Projects/ShootingCPP/Content/StarterContent/Textures/T_Wood_Pine_D.ubulk" 818
"C:/Users/YONSAI/Documents/Unreal Projects/ShootingCPP/Content/StarterContent/Textures/T_Wood_Pine_D.uasset" 819
"C:/Users/YONSAI/Documents/Unreal Projects/ShootingCPP/Content/StarterContent/Textures/T_Wood_Pine_D.uexp" 820
"C:/Users/YONSAI/Documents/Unreal Projects/ShootingCPP/Content/StarterContent/Textures/T_Wood_Pine_N.ubulk" 821
"C:/Users/YONSAI/Documents/Unreal Projects/ShootingCPP/Content/StarterContent/Textures/T_Wood_Pine_N.uasset" 822
"C:/Users/YONSAI/Documents/Unreal Projects/ShootingCPP/Content/StarterContent/Textures/T_Wood_Pine_N.uexp" 823
"C:/Users/YONSAI/Documents/Unreal Projects/ShootingCPP/Content/StarterContent/Textures/T_Perlin_Noise_M.ubulk" 824
"C:/Users/YONSAI/Documents/Unreal Projects/ShootingCPP/Content/StarterContent/Textures/T_Perlin_Noise_M.uasset" 825
"C:/Users/YONSAI/Documents/Unreal Projects/ShootingCPP/Content/StarterContent/Textures/T_Perlin_Noise_M.uexp" 826
"C:/Users/YONSAI/Documents/Unreal Projects/ShootingCPP/Content/StarterContent/Materials/M_Wood_Pine.uasset" 827
"C:/Users/YONSAI/Documents/Unreal Projects/ShootingCPP/Content/StarterContent/Materials/M_Wood_Pine.uexp" 828
"C:/Users/YONSAI/Documents/Unreal Projects/ShootingCPP/Content/StarterContent/Textures/T_Wood_Oak_N.ubulk" 829
"C:/Users/YONSAI/Documents/Unreal Projects/ShootingCPP/Content/StarterContent/Textures/T_Wood_Oak_N.uasset" 830
"C:/Users/YONSAI/Documents/Unreal Projects/ShootingCPP/Content/StarterContent/Textures/T_Wood_Oak_N.uexp" 831
"C:/Users/YONSAI/Documents/Unreal Projects/ShootingCPP/Content/StarterContent/Textures/T_Wood_Oak_D.ubulk" 832
"C:/Users/YONSAI/Documents/Unreal Projects/ShootingCPP/Content/StarterContent/Textures/T_Wood_Oak_D.uasset" 833
"C:/Users/YONSAI/Documents/Unreal Projects/ShootingCPP/Content/StarterContent/Textures/T_Wood_Oak_D.uexp" 834
"C:/Users/YONSAI/Documents/Unreal Projects/ShootingCPP/Content/StarterContent/Materials/M_Wood_Oak.uasset" 835
"C:/Users/YONSAI/Documents/Unreal Projects/ShootingCPP/Content/StarterContent/Materials/M_Wood_Oak.uexp" 836
"../../../Engine/Content/Functions/Engine_MaterialFunctions01/Opacity/AlphaOffset.uasset" 837
"../../../Engine/Content/Functions/Engine_MaterialFunctions01/Opacity/AlphaOffset.uexp" 838
"C:/Users/YONSAI/Documents/Unreal Projects/ShootingCPP/Content/StarterContent/Textures/T_Wood_Floor_Walnut_M.ubulk" 839
"C:/Users/YONSAI/Documents/Unreal Projects/ShootingCPP/Content/StarterContent/Textures/T_Wood_Floor_Walnut_M.uasset" 840
"C:/Users/YONSAI/Documents/Unreal Projects/ShootingCPP/Content/StarterContent/Textures/T_Wood_Floor_Walnut_M.uexp" 841
"C:/Users/YONSAI/Documents/Unreal Projects/ShootingCPP/Content/StarterContent/Textures/T_Wood_Floor_Walnut_D.ubulk" 842
"C:/Users/YONSAI/Documents/Unreal Projects/ShootingCPP/Content/StarterContent/Textures/T_Wood_Floor_Walnut_D.uasset" 843
"C:/Users/YONSAI/Documents/Unreal Projects/ShootingCPP/Content/StarterContent/Textures/T_Wood_Floor_Walnut_D.uexp" 844
"C:/Users/YONSAI/Documents/Unreal Projects/ShootingCPP/Content/StarterContent/Textures/T_Wood_Floor_Walnut_N.ubulk" 845
"C:/Users/YONSAI/Documents/Unreal Projects/ShootingCPP/Content/StarterContent/Textures/T_Wood_Floor_Walnut_N.uasset" 846
"C:/Users/YONSAI/Documents/Unreal Projects/ShootingCPP/Content/StarterContent/Textures/T_Wood_Floor_Walnut_N.uexp" 847
"C:/Users/YONSAI/Documents/Unreal Projects/ShootingCPP/Content/StarterContent/Materials/M_Wood_Floor_Walnut_Worn.uasset" 848
"C:/Users/YONSAI/Documents/Unreal Projects/ShootingCPP/Content/StarterContent/Materials/M_Wood_Floor_Walnut_Worn.uexp" 849
"C:/Users/YONSAI/Documents/Unreal Projects/ShootingCPP/Content/StarterContent/Materials/M_Wood_Floor_Walnut_Polished.uasset" 850
"C:/Users/YONSAI/Documents/Unreal Projects/ShootingCPP/Content/StarterContent/Materials/M_Wood_Floor_Walnut_Polished.uexp" 851
"../../../Engine/Content/Functions/Engine_MaterialFunctions02/Utility/BlendAngleCorrectedNormals.uasset" 852
"../../../Engine/Content/Functions/Engine_MaterialFunctions02/Utility/BlendAngleCorrectedNormals.uexp" 853
"C:/Users/YONSAI/Documents/Unreal Projects/ShootingCPP/Content/StarterContent/Textures/T_Water_M.ubulk" 854
"C:/Users/YONSAI/Documents/Unreal Projects/ShootingCPP/Content/StarterContent/Textures/T_Water_M.uasset" 855
"C:/Users/YONSAI/Documents/Unreal Projects/ShootingCPP/Content/StarterContent/Textures/T_Water_M.uexp" 856
"C:/Users/YONSAI/Documents/Unreal Projects/ShootingCPP/Content/StarterContent/Materials/M_Water_Ocean.uasset" 857
"C:/Users/YONSAI/Documents/Unreal Projects/ShootingCPP/Content/StarterContent/Materials/M_Water_Ocean.uexp" 858
"C:/Users/YONSAI/Documents/Unreal Projects/ShootingCPP/Content/StarterContent/Materials/M_Water_Lake.uasset" 859
"C:/Users/YONSAI/Documents/Unreal Projects/ShootingCPP/Content/StarterContent/Materials/M_Water_Lake.uexp" 860
"C:/Users/YONSAI/Documents/Unreal Projects/ShootingCPP/Content/StarterContent/Textures/T_Metal_Steel_D.ubulk" 861
"C:/Users/YONSAI/Documents/Unreal Projects/ShootingCPP/Content/StarterContent/Textures/T_Metal_Steel_D.uasset" 862
"C:/Users/YONSAI/Documents/Unreal Projects/ShootingCPP/Content/StarterContent/Textures/T_Metal_Steel_D.uexp" 863
"C:/Users/YONSAI/Documents/Unreal Projects/ShootingCPP/Content/StarterContent/Textures/T_Tech_Panel_N.ubulk" 864
"C:/Users/YONSAI/Documents/Unreal Projects/ShootingCPP/Content/StarterContent/Textures/T_Tech_Panel_N.uasset" 865
"C:/Users/YONSAI/Documents/Unreal Projects/ShootingCPP/Content/StarterContent/Textures/T_Tech_Panel_N.uexp" 866
"C:/Users/YONSAI/Documents/Unreal Projects/ShootingCPP/Content/StarterContent/Textures/T_Tech_Panel_M.ubulk" 867
"C:/Users/YONSAI/Documents/Unreal Projects/ShootingCPP/Content/StarterContent/Textures/T_Tech_Panel_M.uasset" 868
"C:/Users/YONSAI/Documents/Unreal Projects/ShootingCPP/Content/StarterContent/Textures/T_Tech_Panel_M.uexp" 869
"C:/Users/YONSAI/Documents/Unreal Projects/ShootingCPP/Content/StarterContent/Materials/M_Tech_Panel.uasset" 870
"C:/Users/YONSAI/Documents/Unreal Projects/ShootingCPP/Content/StarterContent/Materials/M_Tech_Panel.uexp" 871
"C:/Users/YONSAI/Documents/Unreal Projects/ShootingCPP/Content/StarterContent/Textures/T_Tech_Hex_Tile_M.ubulk" 872
"C:/Users/YONSAI/Documents/Unreal Projects/ShootingCPP/Content/StarterContent/Textures/T_Tech_Hex_Tile_M.uasset" 873
"C:/Users/YONSAI/Documents/Unreal Projects/ShootingCPP/Content/StarterContent/Textures/T_Tech_Hex_Tile_M.uexp" 874
"C:/Users/YONSAI/Documents/Unreal Projects/ShootingCPP/Content/StarterContent/Textures/T_Tech_Hex_Tile_N.ubulk" 875
"C:/Users/YONSAI/Documents/Unreal Projects/ShootingCPP/Content/StarterContent/Textures/T_Tech_Hex_Tile_N.uasset" 876
"C:/Users/YONSAI/Documents/Unreal Projects/ShootingCPP/Content/StarterContent/Textures/T_Tech_Hex_Tile_N.uexp" 877
"C:/Users/YONSAI/Documents/Unreal Projects/ShootingCPP/Content/StarterContent/Materials/M_Tech_Hex_Tile_Pulse.uasset" 878
"C:/Users/YONSAI/Documents/Unreal Projects/ShootingCPP/Content/StarterContent/Materials/M_Tech_Hex_Tile_Pulse.uexp" 879
"C:/Users/YONSAI/Documents/Unreal Projects/ShootingCPP/Content/StarterContent/Materials/M_Tech_Hex_Tile.uasset" 880
"C:/Users/YONSAI/Documents/Unreal Projects/ShootingCPP/Content/StarterContent/Materials/M_Tech_Hex_Tile.uexp" 881
"C:/Users/YONSAI/Documents/Unreal Projects/ShootingCPP/Content/StarterContent/Textures/T_Checker_Noise_M.ubulk" 882
"C:/Users/YONSAI/Documents/Unreal Projects/ShootingCPP/Content/StarterContent/Textures/T_Checker_Noise_M.uasset" 883
"C:/Users/YONSAI/Documents/Unreal Projects/ShootingCPP/Content/StarterContent/Textures/T_Checker_Noise_M.uexp" 884
"C:/Users/YONSAI/Documents/Unreal Projects/ShootingCPP/Content/StarterContent/Textures/T_Tech_Dot_M.ubulk" 885
"C:/Users/YONSAI/Documents/Unreal Projects/ShootingCPP/Content/StarterContent/Textures/T_Tech_Dot_M.uasset" 886
"C:/Users/YONSAI/Documents/Unreal Projects/ShootingCPP/Content/StarterContent/Textures/T_Tech_Dot_M.uexp" 887
"C:/Users/YONSAI/Documents/Unreal Projects/ShootingCPP/Content/StarterContent/Textures/T_Tech_Dot_N.ubulk" 888
"C:/Users/YONSAI/Documents/Unreal Projects/ShootingCPP/Content/StarterContent/Textures/T_Tech_Dot_N.uasset" 889
"C:/Users/YONSAI/Documents/Unreal Projects/ShootingCPP/Content/StarterContent/Textures/T_Tech_Dot_N.uexp" 890
"C:/Users/YONSAI/Documents/Unreal Projects/ShootingCPP/Content/StarterContent/Textures/T_Single_Tile_N.ubulk" 891
"C:/Users/YONSAI/Documents/Unreal Projects/ShootingCPP/Content/StarterContent/Textures/T_Single_Tile_N.uasset" 892
"C:/Users/YONSAI/Documents/Unreal Projects/ShootingCPP/Content/StarterContent/Textures/T_Single_Tile_N.uexp" 893
"C:/Users/YONSAI/Documents/Unreal Projects/ShootingCPP/Content/StarterContent/Materials/M_Tech_Checker_Dot.uasset" 894
"C:/Users/YONSAI/Documents/Unreal Projects/ShootingCPP/Content/StarterContent/Materials/M_Tech_Checker_Dot.uexp" 895
"C:/Users/YONSAI/Documents/Unreal Projects/ShootingCPP/Content/StarterContent/Textures/T_Rock_Slate_D.ubulk" 896
"C:/Users/YONSAI/Documents/Unreal Projects/ShootingCPP/Content/StarterContent/Textures/T_Rock_Slate_D.uasset" 897
"C:/Users/YONSAI/Documents/Unreal Projects/ShootingCPP/Content/StarterContent/Textures/T_Rock_Slate_D.uexp" 898
"C:/Users/YONSAI/Documents/Unreal Projects/ShootingCPP/Content/StarterContent/Textures/T_Rock_Slate_N.ubulk" 899
"C:/Users/YONSAI/Documents/Unreal Projects/ShootingCPP/Content/StarterContent/Textures/T_Rock_Slate_N.uasset" 900
"C:/Users/YONSAI/Documents/Unreal Projects/ShootingCPP/Content/StarterContent/Textures/T_Rock_Slate_N.uexp" 901
"C:/Users/YONSAI/Documents/Unreal Projects/ShootingCPP/Content/StarterContent/Materials/M_Rock_Slate.uasset" 902
"C:/Users/YONSAI/Documents/Unreal Projects/ShootingCPP/Content/StarterContent/Materials/M_Rock_Slate.uexp" 903
"C:/Users/YONSAI/Documents/Unreal Projects/ShootingCPP/Content/StarterContent/Textures/T_Rock_Sandstone_N.ubulk" 904
"C:/Users/YONSAI/Documents/Unreal Projects/ShootingCPP/Content/StarterContent/Textures/T_Rock_Sandstone_N.uasset" 905
"C:/Users/YONSAI/Documents/Unreal Projects/ShootingCPP/Content/StarterContent/Textures/T_Rock_Sandstone_N.uexp" 906
"C:/Users/YONSAI/Documents/Unreal Projects/ShootingCPP/Content/StarterContent/Textures/T_Rock_Sandstone_D.ubulk" 907
"C:/Users/YONSAI/Documents/Unreal Projects/ShootingCPP/Content/StarterContent/Textures/T_Rock_Sandstone_D.uasset" 908
"C:/Users/YONSAI/Documents/Unreal Projects/ShootingCPP/Content/StarterContent/Textures/T_Rock_Sandstone_D.uexp" 909
"C:/Users/YONSAI/Documents/Unreal Projects/ShootingCPP/Content/StarterContent/Materials/M_Rock_Sandstone.uasset" 910
"C:/Users/YONSAI/Documents/Unreal Projects/ShootingCPP/Content/StarterContent/Materials/M_Rock_Sandstone.uexp" 911
"C:/Users/YONSAI/Documents/Unreal Projects/ShootingCPP/Content/StarterContent/Textures/T_Metal_Gold_N.ubulk" 912
"C:/Users/YONSAI/Documents/Unreal Projects/ShootingCPP/Content/StarterContent/Textures/T_Metal_Gold_N.uasset" 913
"C:/Users/YONSAI/Documents/Unreal Projects/ShootingCPP/Content/StarterContent/Textures/T_Metal_Gold_N.uexp" 914
"C:/Users/YONSAI/Documents/Unreal Projects/ShootingCPP/Content/StarterContent/Textures/T_Rock_Marble_Polished_D.ubulk" 915
"C:/Users/YONSAI/Documents/Unreal Projects/ShootingCPP/Content/StarterContent/Textures/T_Rock_Marble_Polished_D.uasset" 916
"C:/Users/YONSAI/Documents/Unreal Projects/ShootingCPP/Content/StarterContent/Textures/T_Rock_Marble_Polished_D.uexp" 917
"C:/Users/YONSAI/Documents/Unreal Projects/ShootingCPP/Content/StarterContent/Materials/M_Rock_Marble_Polished.uasset" 918
"C:/Users/YONSAI/Documents/Unreal Projects/ShootingCPP/Content/StarterContent/Materials/M_Rock_Marble_Polished.uexp" 919
"C:/Users/YONSAI/Documents/Unreal Projects/ShootingCPP/Content/StarterContent/Textures/T_Rock_Basalt_D.ubulk" 920
"C:/Users/YONSAI/Documents/Unreal Projects/ShootingCPP/Content/StarterContent/Textures/T_Rock_Basalt_D.uasset" 921
"C:/Users/YONSAI/Documents/Unreal Projects/ShootingCPP/Content/StarterContent/Textures/T_Rock_Basalt_D.uexp" 922
"C:/Users/YONSAI/Documents/Unreal Projects/ShootingCPP/Content/StarterContent/Textures/T_Rock_Basalt_N.ubulk" 923
"C:/Users/YONSAI/Documents/Unreal Projects/ShootingCPP/Content/StarterContent/Textures/T_Rock_Basalt_N.uasset" 924
"C:/Users/YONSAI/Documents/Unreal Projects/ShootingCPP/Content/StarterContent/Textures/T_Rock_Basalt_N.uexp" 925
"C:/Users/YONSAI/Documents/Unreal Projects/ShootingCPP/Content/StarterContent/Materials/M_Rock_Basalt.uasset" 926
"C:/Users/YONSAI/Documents/Unreal Projects/ShootingCPP/Content/StarterContent/Materials/M_Rock_Basalt.uexp" 927
"C:/Users/YONSAI/Documents/Unreal Projects/ShootingCPP/Content/StarterContent/Textures/T_Metal_Steel_N.ubulk" 928
"C:/Users/YONSAI/Documents/Unreal Projects/ShootingCPP/Content/StarterContent/Textures/T_Metal_Steel_N.uasset" 929
"C:/Users/YONSAI/Documents/Unreal Projects/ShootingCPP/Content/StarterContent/Textures/T_Metal_Steel_N.uexp" 930
"C:/Users/YONSAI/Documents/Unreal Projects/ShootingCPP/Content/StarterContent/Materials/M_Metal_Steel.uasset" 931
"C:/Users/YONSAI/Documents/Unreal Projects/ShootingCPP/Content/StarterContent/Materials/M_Metal_Steel.uexp" 932
"C:/Users/YONSAI/Documents/Unreal Projects/ShootingCPP/Content/StarterContent/Textures/T_Metal_Rust_N.ubulk" 933
"C:/Users/YONSAI/Documents/Unreal Projects/ShootingCPP/Content/StarterContent/Textures/T_Metal_Rust_N.uasset" 934
"C:/Users/YONSAI/Documents/Unreal Projects/ShootingCPP/Content/StarterContent/Textures/T_Metal_Rust_N.uexp" 935
"C:/Users/YONSAI/Documents/Unreal Projects/ShootingCPP/Content/StarterContent/Textures/T_Metal_Rust_D.ubulk" 936
"C:/Users/YONSAI/Documents/Unreal Projects/ShootingCPP/Content/StarterContent/Textures/T_Metal_Rust_D.uasset" 937
"C:/Users/YONSAI/Documents/Unreal Projects/ShootingCPP/Content/StarterContent/Textures/T_Metal_Rust_D.uexp" 938
"C:/Users/YONSAI/Documents/Unreal Projects/ShootingCPP/Content/StarterContent/Materials/M_Metal_Rust.uasset" 939
"C:/Users/YONSAI/Documents/Unreal Projects/ShootingCPP/Content/StarterContent/Materials/M_Metal_Rust.uexp" 940
"C:/Users/YONSAI/Documents/Unreal Projects/ShootingCPP/Content/StarterContent/Textures/T_Metal_Gold_D.ubulk" 941
"C:/Users/YONSAI/Documents/Unreal Projects/ShootingCPP/Content/StarterContent/Textures/T_Metal_Gold_D.uasset" 942
"C:/Users/YONSAI/Documents/Unreal Projects/ShootingCPP/Content/StarterContent/Textures/T_Metal_Gold_D.uexp" 943
"C:/Users/YONSAI/Documents/Unreal Projects/ShootingCPP/Content/StarterContent/Materials/M_Metal_Gold.uasset" 944
"C:/Users/YONSAI/Documents/Unreal Projects/ShootingCPP/Content/StarterContent/Materials/M_Metal_Gold.uexp" 945
"C:/Users/YONSAI/Documents/Unreal Projects/ShootingCPP/Content/StarterContent/Textures/T_Metal_Copper_D.ubulk" 946
"C:/Users/YONSAI/Documents/Unreal Projects/ShootingCPP/Content/StarterContent/Textures/T_Metal_Copper_D.uasset" 947
"C:/Users/YONSAI/Documents/Unreal Projects/ShootingCPP/Content/StarterContent/Textures/T_Metal_Copper_D.uexp" 948
"C:/Users/YONSAI/Documents/Unreal Projects/ShootingCPP/Content/StarterContent/Materials/M_Metal_Copper.uasset" 949
"C:/Users/YONSAI/Documents/Unreal Projects/ShootingCPP/Content/StarterContent/Materials/M_Metal_Copper.uexp" 950
"C:/Users/YONSAI/Documents/Unreal Projects/ShootingCPP/Content/StarterContent/Materials/M_Metal_Chrome.uasset" 951
"C:/Users/YONSAI/Documents/Unreal Projects/ShootingCPP/Content/StarterContent/Materials/M_Metal_Chrome.uexp" 952
"C:/Users/YONSAI/Documents/Unreal Projects/ShootingCPP/Content/StarterContent/Textures/T_Metal_Aluminum_D.ubulk" 953
"C:/Users/YONSAI/Documents/Unreal Projects/ShootingCPP/Content/StarterContent/Textures/T_Metal_Aluminum_D.uasset" 954
"C:/Users/YONSAI/Documents/Unreal Projects/ShootingCPP/Content/StarterContent/Textures/T_Metal_Aluminum_D.uexp" 955
"C:/Users/YONSAI/Documents/Unreal Projects/ShootingCPP/Content/StarterContent/Materials/M_Metal_Burnished_Steel.uasset" 956
"C:/Users/YONSAI/Documents/Unreal Projects/ShootingCPP/Content/StarterContent/Materials/M_Metal_Burnished_Steel.uexp" 957
"C:/Users/YONSAI/Documents/Unreal Projects/ShootingCPP/Content/StarterContent/Materials/M_Metal_Brushed_Nickel.uasset" 958
"C:/Users/YONSAI/Documents/Unreal Projects/ShootingCPP/Content/StarterContent/Materials/M_Metal_Brushed_Nickel.uexp" 959
"C:/Users/YONSAI/Documents/Unreal Projects/ShootingCPP/Content/StarterContent/Textures/T_ground_Moss_D.ubulk" 960
"C:/Users/YONSAI/Documents/Unreal Projects/ShootingCPP/Content/StarterContent/Textures/T_ground_Moss_D.uasset" 961
"C:/Users/YONSAI/Documents/Unreal Projects/ShootingCPP/Content/StarterContent/Textures/T_ground_Moss_D.uexp" 962
"C:/Users/YONSAI/Documents/Unreal Projects/ShootingCPP/Content/StarterContent/Textures/T_Ground_Moss_N.ubulk" 963
"C:/Users/YONSAI/Documents/Unreal Projects/ShootingCPP/Content/StarterContent/Textures/T_Ground_Moss_N.uasset" 964
"C:/Users/YONSAI/Documents/Unreal Projects/ShootingCPP/Content/StarterContent/Textures/T_Ground_Moss_N.uexp" 965
"C:/Users/YONSAI/Documents/Unreal Projects/ShootingCPP/Content/StarterContent/Materials/M_Ground_Moss.uasset" 966
"C:/Users/YONSAI/Documents/Unreal Projects/ShootingCPP/Content/StarterContent/Materials/M_Ground_Moss.uexp" 967
"C:/Users/YONSAI/Documents/Unreal Projects/ShootingCPP/Content/StarterContent/Textures/T_Ground_Gravel_N.ubulk" 968
"C:/Users/YONSAI/Documents/Unreal Projects/ShootingCPP/Content/StarterContent/Textures/T_Ground_Gravel_N.uasset" 969
"C:/Users/YONSAI/Documents/Unreal Projects/ShootingCPP/Content/StarterContent/Textures/T_Ground_Gravel_N.uexp" 970
"C:/Users/YONSAI/Documents/Unreal Projects/ShootingCPP/Content/StarterContent/Textures/T_Ground_Gravel_D.ubulk" 971
"C:/Users/YONSAI/Documents/Unreal Projects/ShootingCPP/Content/StarterContent/Textures/T_Ground_Gravel_D.uasset" 972
"C:/Users/YONSAI/Documents/Unreal Projects/ShootingCPP/Content/StarterContent/Textures/T_Ground_Gravel_D.uexp" 973
"C:/Users/YONSAI/Documents/Unreal Projects/ShootingCPP/Content/StarterContent/Materials/M_Ground_Gravel.uasset" 974
"C:/Users/YONSAI/Documents/Unreal Projects/ShootingCPP/Content/StarterContent/Materials/M_Ground_Gravel.uexp" 975
"C:/Users/YONSAI/Documents/Unreal Projects/ShootingCPP/Content/StarterContent/Textures/T_Ground_Grass_D.ubulk" 976
"C:/Users/YONSAI/Documents/Unreal Projects/ShootingCPP/Content/StarterContent/Textures/T_Ground_Grass_D.uasset" 977
"C:/Users/YONSAI/Documents/Unreal Projects/ShootingCPP/Content/StarterContent/Textures/T_Ground_Grass_D.uexp" 978
"C:/Users/YONSAI/Documents/Unreal Projects/ShootingCPP/Content/StarterContent/Textures/T_Ground_Grass_N.ubulk" 979
"C:/Users/YONSAI/Documents/Unreal Projects/ShootingCPP/Content/StarterContent/Textures/T_Ground_Grass_N.uasset" 980
"C:/Users/YONSAI/Documents/Unreal Projects/ShootingCPP/Content/StarterContent/Textures/T_Ground_Grass_N.uexp" 981
"C:/Users/YONSAI/Documents/Unreal Projects/ShootingCPP/Content/StarterContent/Materials/M_Ground_Grass.uasset" 982
"C:/Users/YONSAI/Documents/Unreal Projects/ShootingCPP/Content/StarterContent/Materials/M_Ground_Grass.uexp" 983
"C:/Users/YONSAI/Documents/Unreal Projects/ShootingCPP/Content/StarterContent/Materials/M_Glass.uasset" 984
"C:/Users/YONSAI/Documents/Unreal Projects/ShootingCPP/Content/StarterContent/Materials/M_Glass.uexp" 985
"C:/Users/YONSAI/Documents/Unreal Projects/ShootingCPP/Content/StarterContent/Textures/T_Concrete_Tiles_Variation_M.ubulk" 986
"C:/Users/YONSAI/Documents/Unreal Projects/ShootingCPP/Content/StarterContent/Textures/T_Concrete_Tiles_Variation_M.uasset" 987
"C:/Users/YONSAI/Documents/Unreal Projects/ShootingCPP/Content/StarterContent/Textures/T_Concrete_Tiles_Variation_M.uexp" 988
"C:/Users/YONSAI/Documents/Unreal Projects/ShootingCPP/Content/StarterContent/Textures/T_Concrete_Tiles_D.ubulk" 989
"C:/Users/YONSAI/Documents/Unreal Projects/ShootingCPP/Content/StarterContent/Textures/T_Concrete_Tiles_D.uasset" 990
"C:/Users/YONSAI/Documents/Unreal Projects/ShootingCPP/Content/StarterContent/Textures/T_Concrete_Tiles_D.uexp" 991
"C:/Users/YONSAI/Documents/Unreal Projects/ShootingCPP/Content/StarterContent/Textures/T_Concrete_Tiles_M.ubulk" 992
"C:/Users/YONSAI/Documents/Unreal Projects/ShootingCPP/Content/StarterContent/Textures/T_Concrete_Tiles_M.uasset" 993
"C:/Users/YONSAI/Documents/Unreal Projects/ShootingCPP/Content/StarterContent/Textures/T_Concrete_Tiles_M.uexp" 994
"C:/Users/YONSAI/Documents/Unreal Projects/ShootingCPP/Content/StarterContent/Textures/T_Concrete_Tiles_N.ubulk" 995
"C:/Users/YONSAI/Documents/Unreal Projects/ShootingCPP/Content/StarterContent/Textures/T_Concrete_Tiles_N.uasset" 996
"C:/Users/YONSAI/Documents/Unreal Projects/ShootingCPP/Content/StarterContent/Textures/T_Concrete_Tiles_N.uexp" 997
"C:/Users/YONSAI/Documents/Unreal Projects/ShootingCPP/Content/StarterContent/Materials/M_Concrete_Tiles.uasset" 998
"C:/Users/YONSAI/Documents/Unreal Projects/ShootingCPP/Content/StarterContent/Materials/M_Concrete_Tiles.uexp" 999
"C:/Users/YONSAI/Documents/Unreal Projects/ShootingCPP/Content/StarterContent/Textures/T_Concrete_Poured_D.ubulk" 1000
"C:/Users/YONSAI/Documents/Unreal Projects/ShootingCPP/Content/StarterContent/Textures/T_Concrete_Poured_D.uasset" 1001
"C:/Users/YONSAI/Documents/Unreal Projects/ShootingCPP/Content/StarterContent/Textures/T_Concrete_Poured_D.uexp" 1002
"C:/Users/YONSAI/Documents/Unreal Projects/ShootingCPP/Content/StarterContent/Textures/T_Concrete_Poured_N.ubulk" 1003
"C:/Users/YONSAI/Documents/Unreal Projects/ShootingCPP/Content/StarterContent/Textures/T_Concrete_Poured_N.uasset" 1004
"C:/Users/YONSAI/Documents/Unreal Projects/ShootingCPP/Content/StarterContent/Textures/T_Concrete_Poured_N.uexp" 1005
"C:/Users/YONSAI/Documents/Unreal Projects/ShootingCPP/Content/StarterContent/Materials/M_Concrete_Poured.uasset" 1006
"C:/Users/YONSAI/Documents/Unreal Projects/ShootingCPP/Content/StarterContent/Materials/M_Concrete_Poured.uexp" 1007
"C:/Users/YONSAI/Documents/Unreal Projects/ShootingCPP/Content/StarterContent/Textures/T_Concrete_Panels_D.ubulk" 1008
"C:/Users/YONSAI/Documents/Unreal Projects/ShootingCPP/Content/StarterContent/Textures/T_Concrete_Panels_D.uasset" 1009
"C:/Users/YONSAI/Documents/Unreal Projects/ShootingCPP/Content/StarterContent/Textures/T_Concrete_Panels_D.uexp" 1010
"C:/Users/YONSAI/Documents/Unreal Projects/ShootingCPP/Content/StarterContent/Textures/T_Concrete_Panels_N.ubulk" 1011
"C:/Users/YONSAI/Documents/Unreal Projects/ShootingCPP/Content/StarterContent/Textures/T_Concrete_Panels_N.uasset" 1012
"C:/Users/YONSAI/Documents/Unreal Projects/ShootingCPP/Content/StarterContent/Textures/T_Concrete_Panels_N.uexp" 1013
"C:/Users/YONSAI/Documents/Unreal Projects/ShootingCPP/Content/StarterContent/Materials/M_Concrete_Panels.uasset" 1014
"C:/Users/YONSAI/Documents/Unreal Projects/ShootingCPP/Content/StarterContent/Materials/M_Concrete_Panels.uexp" 1015
"C:/Users/YONSAI/Documents/Unreal Projects/ShootingCPP/Content/StarterContent/Textures/T_Concrete_Grime_D.ubulk" 1016
"C:/Users/YONSAI/Documents/Unreal Projects/ShootingCPP/Content/StarterContent/Textures/T_Concrete_Grime_D.uasset" 1017
"C:/Users/YONSAI/Documents/Unreal Projects/ShootingCPP/Content/StarterContent/Textures/T_Concrete_Grime_D.uexp" 1018
"C:/Users/YONSAI/Documents/Unreal Projects/ShootingCPP/Content/StarterContent/Materials/M_Concrete_Grime.uasset" 1019
"C:/Users/YONSAI/Documents/Unreal Projects/ShootingCPP/Content/StarterContent/Materials/M_Concrete_Grime.uexp" 1020
"../../../Engine/Content/EditorMeshes/ColorCalibrator/T_ColorGrid.ubulk" 1021
"../../../Engine/Content/EditorMeshes/ColorCalibrator/T_ColorGrid.uasset" 1022
"../../../Engine/Content/EditorMeshes/ColorCalibrator/T_ColorGrid.uexp" 1023
"C:/Users/YONSAI/Documents/Unreal Projects/ShootingCPP/Content/StarterContent/Materials/M_ColorGrid_LowSpec.uasset" 1024
"C:/Users/YONSAI/Documents/Unreal Projects/ShootingCPP/Content/StarterContent/Materials/M_ColorGrid_LowSpec.uexp" 1025
"C:/Users/YONSAI/Documents/Unreal Projects/ShootingCPP/Content/StarterContent/Textures/T_Rock_Smooth_Granite_D.ubulk" 1026
"C:/Users/YONSAI/Documents/Unreal Projects/ShootingCPP/Content/StarterContent/Textures/T_Rock_Smooth_Granite_D.uasset" 1027
"C:/Users/YONSAI/Documents/Unreal Projects/ShootingCPP/Content/StarterContent/Textures/T_Rock_Smooth_Granite_D.uexp" 1028
"C:/Users/YONSAI/Documents/Unreal Projects/ShootingCPP/Content/StarterContent/Textures/T_CobbleStone_Smooth_D.ubulk" 1029
"C:/Users/YONSAI/Documents/Unreal Projects/ShootingCPP/Content/StarterContent/Textures/T_CobbleStone_Smooth_D.uasset" 1030
"C:/Users/YONSAI/Documents/Unreal Projects/ShootingCPP/Content/StarterContent/Textures/T_CobbleStone_Smooth_D.uexp" 1031
"C:/Users/YONSAI/Documents/Unreal Projects/ShootingCPP/Content/StarterContent/Textures/T_Gradinet_01.ubulk" 1032
"C:/Users/YONSAI/Documents/Unreal Projects/ShootingCPP/Content/StarterContent/Textures/T_Gradinet_01.uasset" 1033
"C:/Users/YONSAI/Documents/Unreal Projects/ShootingCPP/Content/StarterContent/Textures/T_Gradinet_01.uexp" 1034
"C:/Users/YONSAI/Documents/Unreal Projects/ShootingCPP/Content/StarterContent/Textures/T_CobbleStone_Smooth_M.ubulk" 1035
"C:/Users/YONSAI/Documents/Unreal Projects/ShootingCPP/Content/StarterContent/Textures/T_CobbleStone_Smooth_M.uasset" 1036
"C:/Users/YONSAI/Documents/Unreal Projects/ShootingCPP/Content/StarterContent/Textures/T_CobbleStone_Smooth_M.uexp" 1037
"C:/Users/YONSAI/Documents/Unreal Projects/ShootingCPP/Content/StarterContent/Textures/T_CobbleStone_Smooth_N.ubulk" 1038
"C:/Users/YONSAI/Documents/Unreal Projects/ShootingCPP/Content/StarterContent/Textures/T_CobbleStone_Smooth_N.uasset" 1039
"C:/Users/YONSAI/Documents/Unreal Projects/ShootingCPP/Content/StarterContent/Textures/T_CobbleStone_Smooth_N.uexp" 1040
"C:/Users/YONSAI/Documents/Unreal Projects/ShootingCPP/Content/StarterContent/Materials/M_CobbleStone_Smooth.uasset" 1041
"C:/Users/YONSAI/Documents/Unreal Projects/ShootingCPP/Content/StarterContent/Materials/M_CobbleStone_Smooth.uexp" 1042
"C:/Users/YONSAI/Documents/Unreal Projects/ShootingCPP/Content/StarterContent/Textures/T_CobbleStone_Rough_N.ubulk" 1043
"C:/Users/YONSAI/Documents/Unreal Projects/ShootingCPP/Content/StarterContent/Textures/T_CobbleStone_Rough_N.uasset" 1044
"C:/Users/YONSAI/Documents/Unreal Projects/ShootingCPP/Content/StarterContent/Textures/T_CobbleStone_Rough_N.uexp" 1045
"C:/Users/YONSAI/Documents/Unreal Projects/ShootingCPP/Content/StarterContent/Textures/T_CobbleStone_Rough_D.ubulk" 1046
"C:/Users/YONSAI/Documents/Unreal Projects/ShootingCPP/Content/StarterContent/Textures/T_CobbleStone_Rough_D.uasset" 1047
"C:/Users/YONSAI/Documents/Unreal Projects/ShootingCPP/Content/StarterContent/Textures/T_CobbleStone_Rough_D.uexp" 1048
"C:/Users/YONSAI/Documents/Unreal Projects/ShootingCPP/Content/StarterContent/Materials/M_CobbleStone_Rough.uasset" 1049
"C:/Users/YONSAI/Documents/Unreal Projects/ShootingCPP/Content/StarterContent/Materials/M_CobbleStone_Rough.uexp" 1050
"C:/Users/YONSAI/Documents/Unreal Projects/ShootingCPP/Content/StarterContent/Textures/T_CobbleStone_Pebble_N.ubulk" 1051
"C:/Users/YONSAI/Documents/Unreal Projects/ShootingCPP/Content/StarterContent/Textures/T_CobbleStone_Pebble_N.uasset" 1052
"C:/Users/YONSAI/Documents/Unreal Projects/ShootingCPP/Content/StarterContent/Textures/T_CobbleStone_Pebble_N.uexp" 1053
"C:/Users/YONSAI/Documents/Unreal Projects/ShootingCPP/Content/StarterContent/Textures/T_CobbleStone_Pebble_M.ubulk" 1054
"C:/Users/YONSAI/Documents/Unreal Projects/ShootingCPP/Content/StarterContent/Textures/T_CobbleStone_Pebble_M.uasset" 1055
"C:/Users/YONSAI/Documents/Unreal Projects/ShootingCPP/Content/StarterContent/Textures/T_CobbleStone_Pebble_M.uexp" 1056
"C:/Users/YONSAI/Documents/Unreal Projects/ShootingCPP/Content/StarterContent/Textures/T_CobbleStone_Pebble_D.ubulk" 1057
"C:/Users/YONSAI/Documents/Unreal Projects/ShootingCPP/Content/StarterContent/Textures/T_CobbleStone_Pebble_D.uasset" 1058
"C:/Users/YONSAI/Documents/Unreal Projects/ShootingCPP/Content/StarterContent/Textures/T_CobbleStone_Pebble_D.uexp" 1059
"C:/Users/YONSAI/Documents/Unreal Projects/ShootingCPP/Content/StarterContent/Materials/M_CobbleStone_Pebble.uasset" 1060
"C:/Users/YONSAI/Documents/Unreal Projects/ShootingCPP/Content/StarterContent/Materials/M_CobbleStone_Pebble.uexp" 1061
"C:/Users/YONSAI/Documents/Unreal Projects/ShootingCPP/Content/StarterContent/Textures/T_Ceramic_Tile_M.ubulk" 1062
"C:/Users/YONSAI/Documents/Unreal Projects/ShootingCPP/Content/StarterContent/Textures/T_Ceramic_Tile_M.uasset" 1063
"C:/Users/YONSAI/Documents/Unreal Projects/ShootingCPP/Content/StarterContent/Textures/T_Ceramic_Tile_M.uexp" 1064
"C:/Users/YONSAI/Documents/Unreal Projects/ShootingCPP/Content/StarterContent/Textures/T_Ceramic_Tile_N.ubulk" 1065
"C:/Users/YONSAI/Documents/Unreal Projects/ShootingCPP/Content/StarterContent/Textures/T_Ceramic_Tile_N.uasset" 1066
"C:/Users/YONSAI/Documents/Unreal Projects/ShootingCPP/Content/StarterContent/Textures/T_Ceramic_Tile_N.uexp" 1067
"C:/Users/YONSAI/Documents/Unreal Projects/ShootingCPP/Content/StarterContent/Materials/M_Ceramic_Tile_Checker.uasset" 1068
"C:/Users/YONSAI/Documents/Unreal Projects/ShootingCPP/Content/StarterContent/Materials/M_Ceramic_Tile_Checker.uexp" 1069
"C:/Users/YONSAI/Documents/Unreal Projects/ShootingCPP/Content/StarterContent/Textures/T_Detail_Rocky_N.ubulk" 1070
"C:/Users/YONSAI/Documents/Unreal Projects/ShootingCPP/Content/StarterContent/Textures/T_Detail_Rocky_N.uasset" 1071
"C:/Users/YONSAI/Documents/Unreal Projects/ShootingCPP/Content/StarterContent/Textures/T_Detail_Rocky_N.uexp" 1072
"C:/Users/YONSAI/Documents/Unreal Projects/ShootingCPP/Content/StarterContent/Textures/T_Brick_Hewn_Stone_N.ubulk" 1073
"C:/Users/YONSAI/Documents/Unreal Projects/ShootingCPP/Content/StarterContent/Textures/T_Brick_Hewn_Stone_N.uasset" 1074
"C:/Users/YONSAI/Documents/Unreal Projects/ShootingCPP/Content/StarterContent/Textures/T_Brick_Hewn_Stone_N.uexp" 1075
"C:/Users/YONSAI/Documents/Unreal Projects/ShootingCPP/Content/StarterContent/Textures/T_Brick_Hewn_Stone_D.ubulk" 1076
"C:/Users/YONSAI/Documents/Unreal Projects/ShootingCPP/Content/StarterContent/Textures/T_Brick_Hewn_Stone_D.uasset" 1077
"C:/Users/YONSAI/Documents/Unreal Projects/ShootingCPP/Content/StarterContent/Textures/T_Brick_Hewn_Stone_D.uexp" 1078
"C:/Users/YONSAI/Documents/Unreal Projects/ShootingCPP/Content/StarterContent/Textures/T_Brick_Hewn_Stone_M.ubulk" 1079
"C:/Users/YONSAI/Documents/Unreal Projects/ShootingCPP/Content/StarterContent/Textures/T_Brick_Hewn_Stone_M.uasset" 1080
"C:/Users/YONSAI/Documents/Unreal Projects/ShootingCPP/Content/StarterContent/Textures/T_Brick_Hewn_Stone_M.uexp" 1081
"C:/Users/YONSAI/Documents/Unreal Projects/ShootingCPP/Content/StarterContent/Materials/M_Brick_Hewn_Stone.uasset" 1082
"C:/Users/YONSAI/Documents/Unreal Projects/ShootingCPP/Content/StarterContent/Materials/M_Brick_Hewn_Stone.uexp" 1083
"C:/Users/YONSAI/Documents/Unreal Projects/ShootingCPP/Content/StarterContent/Textures/T_Brick_Cut_Stone_N.ubulk" 1084
"C:/Users/YONSAI/Documents/Unreal Projects/ShootingCPP/Content/StarterContent/Textures/T_Brick_Cut_Stone_N.uasset" 1085
"C:/Users/YONSAI/Documents/Unreal Projects/ShootingCPP/Content/StarterContent/Textures/T_Brick_Cut_Stone_N.uexp" 1086
"C:/Users/YONSAI/Documents/Unreal Projects/ShootingCPP/Content/StarterContent/Textures/T_Brick_Cut_Stone_D.ubulk" 1087
"C:/Users/YONSAI/Documents/Unreal Projects/ShootingCPP/Content/StarterContent/Textures/T_Brick_Cut_Stone_D.uasset" 1088
"C:/Users/YONSAI/Documents/Unreal Projects/ShootingCPP/Content/StarterContent/Textures/T_Brick_Cut_Stone_D.uexp" 1089
"C:/Users/YONSAI/Documents/Unreal Projects/ShootingCPP/Content/StarterContent/Materials/M_Brick_Cut_Stone.uasset" 1090
"C:/Users/YONSAI/Documents/Unreal Projects/ShootingCPP/Content/StarterContent/Materials/M_Brick_Cut_Stone.uexp" 1091
"C:/Users/YONSAI/Documents/Unreal Projects/ShootingCPP/Content/StarterContent/Textures/T_Brick_Clay_Old_N.ubulk" 1092
"C:/Users/YONSAI/Documents/Unreal Projects/ShootingCPP/Content/StarterContent/Textures/T_Brick_Clay_Old_N.uasset" 1093
"C:/Users/YONSAI/Documents/Unreal Projects/ShootingCPP/Content/StarterContent/Textures/T_Brick_Clay_Old_N.uexp" 1094
"C:/Users/YONSAI/Documents/Unreal Projects/ShootingCPP/Content/StarterContent/Textures/T_Brick_Clay_Old_D.ubulk" 1095
"C:/Users/YONSAI/Documents/Unreal Projects/ShootingCPP/Content/StarterContent/Textures/T_Brick_Clay_Old_D.uasset" 1096
"C:/Users/YONSAI/Documents/Unreal Projects/ShootingCPP/Content/StarterContent/Textures/T_Brick_Clay_Old_D.uexp" 1097
"C:/Users/YONSAI/Documents/Unreal Projects/ShootingCPP/Content/StarterContent/Materials/M_Brick_Clay_Old.uasset" 1098
"C:/Users/YONSAI/Documents/Unreal Projects/ShootingCPP/Content/StarterContent/Materials/M_Brick_Clay_Old.uexp" 1099
"C:/Users/YONSAI/Documents/Unreal Projects/ShootingCPP/Content/StarterContent/Textures/T_Brick_Clay_New_D.ubulk" 1100
"C:/Users/YONSAI/Documents/Unreal Projects/ShootingCPP/Content/StarterContent/Textures/T_Brick_Clay_New_D.uasset" 1101
"C:/Users/YONSAI/Documents/Unreal Projects/ShootingCPP/Content/StarterContent/Textures/T_Brick_Clay_New_D.uexp" 1102
"C:/Users/YONSAI/Documents/Unreal Projects/ShootingCPP/Content/StarterContent/Textures/T_Brick_Clay_New_M.uasset" 1103
"C:/Users/YONSAI/Documents/Unreal Projects/ShootingCPP/Content/StarterContent/Textures/T_Brick_Clay_New_M.uexp" 1104
"C:/Users/YONSAI/Documents/Unreal Projects/ShootingCPP/Content/StarterContent/Textures/T_Brick_Clay_New_N.uasset" 1105
"C:/Users/YONSAI/Documents/Unreal Projects/ShootingCPP/Content/StarterContent/Textures/T_Brick_Clay_New_N.uexp" 1106
"C:/Users/YONSAI/Documents/Unreal Projects/ShootingCPP/Content/StarterContent/Materials/M_Brick_Clay_New.uasset" 1107
"C:/Users/YONSAI/Documents/Unreal Projects/ShootingCPP/Content/StarterContent/Materials/M_Brick_Clay_New.uexp" 1108
"C:/Users/YONSAI/Documents/Unreal Projects/ShootingCPP/Content/StarterContent/Textures/T_Brick_Clay_Beveled_M.ubulk" 1109
"C:/Users/YONSAI/Documents/Unreal Projects/ShootingCPP/Content/StarterContent/Textures/T_Brick_Clay_Beveled_M.uasset" 1110
"C:/Users/YONSAI/Documents/Unreal Projects/ShootingCPP/Content/StarterContent/Textures/T_Brick_Clay_Beveled_M.uexp" 1111
"C:/Users/YONSAI/Documents/Unreal Projects/ShootingCPP/Content/StarterContent/Textures/T_Brick_Clay_Beveled_N.ubulk" 1112
"C:/Users/YONSAI/Documents/Unreal Projects/ShootingCPP/Content/StarterContent/Textures/T_Brick_Clay_Beveled_N.uasset" 1113
"C:/Users/YONSAI/Documents/Unreal Projects/ShootingCPP/Content/StarterContent/Textures/T_Brick_Clay_Beveled_N.uexp" 1114
"C:/Users/YONSAI/Documents/Unreal Projects/ShootingCPP/Content/StarterContent/Textures/T_Brick_Clay_Beveled_D.ubulk" 1115
"C:/Users/YONSAI/Documents/Unreal Projects/ShootingCPP/Content/StarterContent/Textures/T_Brick_Clay_Beveled_D.uasset" 1116
"C:/Users/YONSAI/Documents/Unreal Projects/ShootingCPP/Content/StarterContent/Textures/T_Brick_Clay_Beveled_D.uexp" 1117
"C:/Users/YONSAI/Documents/Unreal Projects/ShootingCPP/Content/StarterContent/Materials/M_Brick_Clay_Beveled.uasset" 1118
"C:/Users/YONSAI/Documents/Unreal Projects/ShootingCPP/Content/StarterContent/Materials/M_Brick_Clay_Beveled.uexp" 1119
"C:/Users/YONSAI/Documents/Unreal Projects/ShootingCPP/Content/StarterContent/Materials/M_Basic_Wall.uasset" 1120
"C:/Users/YONSAI/Documents/Unreal Projects/ShootingCPP/Content/StarterContent/Materials/M_Basic_Wall.uexp" 1121
"C:/Users/YONSAI/Documents/Unreal Projects/ShootingCPP/Content/StarterContent/Materials/M_Basic_Floor.uasset" 1122
"C:/Users/YONSAI/Documents/Unreal Projects/ShootingCPP/Content/StarterContent/Materials/M_Basic_Floor.uexp" 1123
"C:/Users/YONSAI/Documents/Unreal Projects/ShootingCPP/Content/StarterContent/Materials/M_AssetPlatform.uasset" 1124
"C:/Users/YONSAI/Documents/Unreal Projects/ShootingCPP/Content/StarterContent/Materials/M_AssetPlatform.uexp" 1125
"C:/Users/YONSAI/Documents/Unreal Projects/ShootingCPP/Content/StarterContent/Audio/Starter_Wind06.ubulk" 1126
"C:/Users/YONSAI/Documents/Unreal Projects/ShootingCPP/Content/StarterContent/Audio/Starter_Wind06.uasset" 1127
"C:/Users/YONSAI/Documents/Unreal Projects/ShootingCPP/Content/StarterContent/Audio/Starter_Wind06.uexp" 1128
"C:/Users/YONSAI/Documents/Unreal Projects/ShootingCPP/Content/StarterContent/Audio/Starter_Wind05.ubulk" 1129
"C:/Users/YONSAI/Documents/Unreal Projects/ShootingCPP/Content/StarterContent/Audio/Starter_Wind05.uasset" 1130
"C:/Users/YONSAI/Documents/Unreal Projects/ShootingCPP/Content/StarterContent/Audio/Starter_Wind05.uexp" 1131
"C:/Users/YONSAI/Documents/Unreal Projects/ShootingCPP/Content/StarterContent/Audio/Starter_Birds01.ubulk" 1132
"C:/Users/YONSAI/Documents/Unreal Projects/ShootingCPP/Content/StarterContent/Audio/Starter_Birds01.uasset" 1133
"C:/Users/YONSAI/Documents/Unreal Projects/ShootingCPP/Content/StarterContent/Audio/Starter_Birds01.uexp" 1134
"C:/Users/YONSAI/Documents/Unreal Projects/ShootingCPP/Content/StarterContent/Audio/Light02.ubulk" 1135
"C:/Users/YONSAI/Documents/Unreal Projects/ShootingCPP/Content/StarterContent/Audio/Light02.uasset" 1136
"C:/Users/YONSAI/Documents/Unreal Projects/ShootingCPP/Content/StarterContent/Audio/Light02.uexp" 1137
"C:/Users/YONSAI/Documents/Unreal Projects/ShootingCPP/Content/StarterContent/Audio/Light01.ubulk" 1138
"C:/Users/YONSAI/Documents/Unreal Projects/ShootingCPP/Content/StarterContent/Audio/Light01.uasset" 1139
"C:/Users/YONSAI/Documents/Unreal Projects/ShootingCPP/Content/StarterContent/Audio/Light01.uexp" 1140
"C:/Users/YONSAI/Documents/Unreal Projects/ShootingCPP/Content/StarterContent/Audio/Explosion02.ubulk" 1141
"C:/Users/YONSAI/Documents/Unreal Projects/ShootingCPP/Content/StarterContent/Audio/Explosion02.uasset" 1142
"C:/Users/YONSAI/Documents/Unreal Projects/ShootingCPP/Content/StarterContent/Audio/Explosion02.uexp" 1143
"C:/Users/YONSAI/Documents/Unreal Projects/ShootingCPP/Content/StarterContent/Audio/Explosion01.ubulk" 1144
"C:/Users/YONSAI/Documents/Unreal Projects/ShootingCPP/Content/StarterContent/Audio/Explosion01.uasset" 1145
"C:/Users/YONSAI/Documents/Unreal Projects/ShootingCPP/Content/StarterContent/Audio/Explosion01.uexp" 1146
"../../../Engine/Plugins/Interchange/Runtime/Content/gltf/MaterialFunctions/MF_RotateV2.uasset" 1147
"../../../Engine/Plugins/Interchange/Runtime/Content/gltf/MaterialFunctions/MF_RotateV2.uexp" 1148
"../../../Engine/Plugins/Interchange/Runtime/Content/gltf/MaterialFunctions/MF_TransformUVs.uasset" 1149
"../../../Engine/Plugins/Interchange/Runtime/Content/gltf/MaterialFunctions/MF_TransformUVs.uexp" 1150
"../../../Engine/Plugins/Interchange/Runtime/Content/gltf/Textures/T_White_srgb.uasset" 1151
"../../../Engine/Plugins/Interchange/Runtime/Content/gltf/Textures/T_White_srgb.uexp" 1152
"../../../Engine/Plugins/Interchange/Runtime/Content/gltf/MaterialFunctions/MF_BaseColor.uasset" 1153
"../../../Engine/Plugins/Interchange/Runtime/Content/gltf/MaterialFunctions/MF_BaseColor.uexp" 1154
"../../../Engine/Plugins/Interchange/Runtime/Content/gltf/MaterialBodies/MF_Unlit_Body.uasset" 1155
"../../../Engine/Plugins/Interchange/Runtime/Content/gltf/MaterialBodies/MF_Unlit_Body.uexp" 1156
"../../../Engine/Plugins/Interchange/Runtime/Content/gltf/M_Unlit.uasset" 1157
"../../../Engine/Plugins/Interchange/Runtime/Content/gltf/M_Unlit.uexp" 1158
"../../../Engine/Plugins/Interchange/Runtime/Content/gltf/MaterialInstances/MI_Unlit_Opaque_DS.uasset" 1159
"../../../Engine/Plugins/Interchange/Runtime/Content/gltf/MaterialInstances/MI_Unlit_Opaque_DS.uexp" 1160
"../../../Engine/Plugins/Interchange/Runtime/Content/gltf/MaterialInstances/MI_Unlit_Opaque.uasset" 1161
"../../../Engine/Plugins/Interchange/Runtime/Content/gltf/MaterialInstances/MI_Unlit_Opaque.uexp" 1162
"../../../Engine/Plugins/Interchange/Runtime/Content/gltf/MaterialInstances/MI_Unlit_Mask_DS.uasset" 1163
"../../../Engine/Plugins/Interchange/Runtime/Content/gltf/MaterialInstances/MI_Unlit_Mask_DS.uexp" 1164
"../../../Engine/Plugins/Interchange/Runtime/Content/gltf/MaterialInstances/MI_Unlit_Mask.uasset" 1165
"../../../Engine/Plugins/Interchange/Runtime/Content/gltf/MaterialInstances/MI_Unlit_Mask.uexp" 1166
"../../../Engine/Plugins/Interchange/Runtime/Content/gltf/MaterialInstances/MI_Unlit_Blend_DS.uasset" 1167
"../../../Engine/Plugins/Interchange/Runtime/Content/gltf/MaterialInstances/MI_Unlit_Blend_DS.uexp" 1168
"../../../Engine/Plugins/Interchange/Runtime/Content/gltf/MaterialInstances/MI_Unlit_Blend.uasset" 1169
"../../../Engine/Plugins/Interchange/Runtime/Content/gltf/MaterialInstances/MI_Unlit_Blend.uexp" 1170
"../../../Engine/Plugins/Interchange/Runtime/Content/gltf/MaterialFunctions/MF_Iridescence.uasset" 1171
"../../../Engine/Plugins/Interchange/Runtime/Content/gltf/MaterialFunctions/MF_Iridescence.uexp" 1172
"../../../Engine/Plugins/Interchange/Runtime/Content/gltf/Textures/T_White_Linear.uasset" 1173
"../../../Engine/Plugins/Interchange/Runtime/Content/gltf/Textures/T_White_Linear.uexp" 1174
"../../../Engine/Plugins/Interchange/Runtime/Content/gltf/MaterialFunctions/MF_MetallicRoughness.uasset" 1175
"../../../Engine/Plugins/Interchange/Runtime/Content/gltf/MaterialFunctions/MF_MetallicRoughness.uexp" 1176
"../../../Engine/Plugins/Interchange/Runtime/Content/gltf/MaterialFunctions/MF_Transmission.uasset" 1177
"../../../Engine/Plugins/Interchange/Runtime/Content/gltf/MaterialFunctions/MF_Transmission.uexp" 1178
"../../../Engine/Plugins/Interchange/Runtime/Content/gltf/MaterialFunctions/MF_Occlusion.uasset" 1179
"../../../Engine/Plugins/Interchange/Runtime/Content/gltf/MaterialFunctions/MF_Occlusion.uexp" 1180
"../../../Engine/Plugins/Interchange/Runtime/Content/gltf/MaterialFunctions/MF_Specular.uasset" 1181
"../../../Engine/Plugins/Interchange/Runtime/Content/gltf/MaterialFunctions/MF_Specular.uexp" 1182
"../../../Engine/Plugins/Interchange/Runtime/Content/gltf/MaterialFunctions/MF_IOR.uasset" 1183
"../../../Engine/Plugins/Interchange/Runtime/Content/gltf/MaterialFunctions/MF_IOR.uexp" 1184
"../../../Engine/Plugins/Interchange/Runtime/Content/gltf/MaterialFunctions/MF_RotateNormals_TS.uasset" 1185
"../../../Engine/Plugins/Interchange/Runtime/Content/gltf/MaterialFunctions/MF_RotateNormals_TS.uexp" 1186
"../../../Engine/Plugins/Interchange/Runtime/Content/gltf/Textures/T_Generic_N.uasset" 1187
"../../../Engine/Plugins/Interchange/Runtime/Content/gltf/Textures/T_Generic_N.uexp" 1188
"../../../Engine/Plugins/Interchange/Runtime/Content/gltf/MaterialFunctions/MF_Normals.uasset" 1189
"../../../Engine/Plugins/Interchange/Runtime/Content/gltf/MaterialFunctions/MF_Normals.uexp" 1190
"../../../Engine/Plugins/Interchange/Runtime/Content/gltf/MaterialBodies/MF_Transmission_Body.uasset" 1191
"../../../Engine/Plugins/Interchange/Runtime/Content/gltf/MaterialBodies/MF_Transmission_Body.uexp" 1192
"../../../Engine/Plugins/Interchange/Runtime/Content/gltf/M_Transmission.uasset" 1193
"../../../Engine/Plugins/Interchange/Runtime/Content/gltf/M_Transmission.uexp" 1194
"../../../Engine/Plugins/Interchange/Runtime/Content/gltf/MaterialInstances/MI_Transmission_DS.uasset" 1195
"../../../Engine/Plugins/Interchange/Runtime/Content/gltf/MaterialInstances/MI_Transmission_DS.uexp" 1196
"../../../Engine/Plugins/Interchange/Runtime/Content/gltf/MaterialInstances/MI_Transmission.uasset" 1197
"../../../Engine/Plugins/Interchange/Runtime/Content/gltf/MaterialInstances/MI_Transmission.uexp" 1198
"../../../Engine/Plugins/Interchange/Runtime/Content/gltf/MaterialFunctions/MF_DiffuseSpecGloss.uasset" 1199
"../../../Engine/Plugins/Interchange/Runtime/Content/gltf/MaterialFunctions/MF_DiffuseSpecGloss.uexp" 1200
"../../../Engine/Content/Functions/Engine_MaterialFunctions02/Math/AddComponents.uasset" 1201
"../../../Engine/Content/Functions/Engine_MaterialFunctions02/Math/AddComponents.uexp" 1202
"../../../Engine/Plugins/Interchange/Runtime/Content/gltf/MaterialFunctions/MF_PerceivedBrightness.uasset" 1203
"../../../Engine/Plugins/Interchange/Runtime/Content/gltf/MaterialFunctions/MF_PerceivedBrightness.uexp" 1204
"../../../Engine/Plugins/Interchange/Runtime/Content/gltf/MaterialFunctions/MF_Emissive.uasset" 1205
"../../../Engine/Plugins/Interchange/Runtime/Content/gltf/MaterialFunctions/MF_Emissive.uexp" 1206
"../../../Engine/Plugins/Interchange/Runtime/Content/gltf/MaterialFunctions/MF_SpecGlossToMetalRoughness.uasset" 1207
"../../../Engine/Plugins/Interchange/Runtime/Content/gltf/MaterialFunctions/MF_SpecGlossToMetalRoughness.uexp" 1208
"../../../Engine/Plugins/Interchange/Runtime/Content/gltf/MaterialBodies/MF_SpecularGlossiness_Body.uasset" 1209
"../../../Engine/Plugins/Interchange/Runtime/Content/gltf/MaterialBodies/MF_SpecularGlossiness_Body.uexp" 1210
"../../../Engine/Plugins/Interchange/Runtime/Content/gltf/M_SpecularGlossiness.uasset" 1211
"../../../Engine/Plugins/Interchange/Runtime/Content/gltf/M_SpecularGlossiness.uexp" 1212
"../../../Engine/Plugins/Interchange/Runtime/Content/gltf/MaterialInstances/MI_SpecularGlossiness_Opaque_DS.uasset" 1213
"../../../Engine/Plugins/Interchange/Runtime/Content/gltf/MaterialInstances/MI_SpecularGlossiness_Opaque_DS.uexp" 1214
"../../../Engine/Plugins/Interchange/Runtime/Content/gltf/MaterialInstances/MI_SpecularGlossiness_Opaque.uasset" 1215
"../../../Engine/Plugins/Interchange/Runtime/Content/gltf/MaterialInstances/MI_SpecularGlossiness_Opaque.uexp" 1216
"../../../Engine/Plugins/Interchange/Runtime/Content/gltf/MaterialInstances/MI_SpecularGlossiness_Mask_DS.uasset" 1217
"../../../Engine/Plugins/Interchange/Runtime/Content/gltf/MaterialInstances/MI_SpecularGlossiness_Mask_DS.uexp" 1218
"../../../Engine/Plugins/Interchange/Runtime/Content/gltf/MaterialInstances/MI_SpecularGlossiness_Mask.uasset" 1219
"../../../Engine/Plugins/Interchange/Runtime/Content/gltf/MaterialInstances/MI_SpecularGlossiness_Mask.uexp" 1220
"../../../Engine/Plugins/Interchange/Runtime/Content/gltf/MaterialInstances/MI_SpecularGlossiness_Blend_DS.uasset" 1221
"../../../Engine/Plugins/Interchange/Runtime/Content/gltf/MaterialInstances/MI_SpecularGlossiness_Blend_DS.uexp" 1222
"../../../Engine/Plugins/Interchange/Runtime/Content/gltf/MaterialInstances/MI_SpecularGlossiness_Blend.uasset" 1223
"../../../Engine/Plugins/Interchange/Runtime/Content/gltf/MaterialInstances/MI_SpecularGlossiness_Blend.uexp" 1224
"../../../Engine/Plugins/Interchange/Runtime/Content/gltf/MaterialFunctions/MF_Sheen.uasset" 1225
"../../../Engine/Plugins/Interchange/Runtime/Content/gltf/MaterialFunctions/MF_Sheen.uexp" 1226
"../../../Engine/Plugins/Interchange/Runtime/Content/gltf/MaterialBodies/MF_Sheen_Body.uasset" 1227
"../../../Engine/Plugins/Interchange/Runtime/Content/gltf/MaterialBodies/MF_Sheen_Body.uexp" 1228
"../../../Engine/Plugins/Interchange/Runtime/Content/gltf/M_Sheen.uasset" 1229
"../../../Engine/Plugins/Interchange/Runtime/Content/gltf/M_Sheen.uexp" 1230
"../../../Engine/Plugins/Interchange/Runtime/Content/gltf/MaterialInstances/MI_Sheen_Opaque_DS.uasset" 1231
"../../../Engine/Plugins/Interchange/Runtime/Content/gltf/MaterialInstances/MI_Sheen_Opaque_DS.uexp" 1232
"../../../Engine/Plugins/Interchange/Runtime/Content/gltf/MaterialInstances/MI_Sheen_Opaque.uasset" 1233
"../../../Engine/Plugins/Interchange/Runtime/Content/gltf/MaterialInstances/MI_Sheen_Opaque.uexp" 1234
"../../../Engine/Plugins/Interchange/Runtime/Content/gltf/MaterialInstances/MI_Sheen_Mask_DS.uasset" 1235
"../../../Engine/Plugins/Interchange/Runtime/Content/gltf/MaterialInstances/MI_Sheen_Mask_DS.uexp" 1236
"../../../Engine/Plugins/Interchange/Runtime/Content/gltf/MaterialInstances/MI_Sheen_Mask.uasset" 1237
"../../../Engine/Plugins/Interchange/Runtime/Content/gltf/MaterialInstances/MI_Sheen_Mask.uexp" 1238
"../../../Engine/Plugins/Interchange/Runtime/Content/gltf/MaterialInstances/MI_Sheen_Blend_DS.uasset" 1239
"../../../Engine/Plugins/Interchange/Runtime/Content/gltf/MaterialInstances/MI_Sheen_Blend_DS.uexp" 1240
"../../../Engine/Plugins/Interchange/Runtime/Content/gltf/MaterialInstances/MI_Sheen_Blend.uasset" 1241
"../../../Engine/Plugins/Interchange/Runtime/Content/gltf/MaterialInstances/MI_Sheen_Blend.uexp" 1242
"../../../Engine/Plugins/Interchange/Runtime/Content/gltf/MaterialBodies/MF_Default_Body.uasset" 1243
"../../../Engine/Plugins/Interchange/Runtime/Content/gltf/MaterialBodies/MF_Default_Body.uexp" 1244
"../../../Engine/Plugins/Interchange/Runtime/Content/gltf/M_Default.uasset" 1245
"../../../Engine/Plugins/Interchange/Runtime/Content/gltf/M_Default.uexp" 1246
"../../../Engine/Plugins/Interchange/Runtime/Content/gltf/MaterialInstances/MI_Default_Opaque_DS.uasset" 1247
"../../../Engine/Plugins/Interchange/Runtime/Content/gltf/MaterialInstances/MI_Default_Opaque_DS.uexp" 1248
"../../../Engine/Plugins/Interchange/Runtime/Content/gltf/MaterialInstances/MI_Default_Opaque.uasset" 1249
"../../../Engine/Plugins/Interchange/Runtime/Content/gltf/MaterialInstances/MI_Default_Opaque.uexp" 1250
"../../../Engine/Plugins/Interchange/Runtime/Content/gltf/MaterialInstances/MI_Default_Mask_DS.uasset" 1251
"../../../Engine/Plugins/Interchange/Runtime/Content/gltf/MaterialInstances/MI_Default_Mask_DS.uexp" 1252
"../../../Engine/Plugins/Interchange/Runtime/Content/gltf/MaterialInstances/MI_Default_Mask.uasset" 1253
"../../../Engine/Plugins/Interchange/Runtime/Content/gltf/MaterialInstances/MI_Default_Mask.uexp" 1254
"../../../Engine/Plugins/Interchange/Runtime/Content/gltf/MaterialInstances/MI_Default_Blend_DS.uasset" 1255
"../../../Engine/Plugins/Interchange/Runtime/Content/gltf/MaterialInstances/MI_Default_Blend_DS.uexp" 1256
"../../../Engine/Plugins/Interchange/Runtime/Content/gltf/MaterialInstances/MI_Default_Blend.uasset" 1257
"../../../Engine/Plugins/Interchange/Runtime/Content/gltf/MaterialInstances/MI_Default_Blend.uexp" 1258
"../../../Engine/Content/Functions/Engine_MaterialFunctions01/Texturing/FlattenNormal.uasset" 1259
"../../../Engine/Content/Functions/Engine_MaterialFunctions01/Texturing/FlattenNormal.uexp" 1260
"../../../Engine/Plugins/Interchange/Runtime/Content/gltf/MaterialFunctions/MF_Clearcoat.uasset" 1261
"../../../Engine/Plugins/Interchange/Runtime/Content/gltf/MaterialFunctions/MF_Clearcoat.uexp" 1262
"../../../Engine/Plugins/Interchange/Runtime/Content/gltf/MaterialBodies/MF_ClearCoat_Body.uasset" 1263
"../../../Engine/Plugins/Interchange/Runtime/Content/gltf/MaterialBodies/MF_ClearCoat_Body.uexp" 1264
"../../../Engine/Plugins/Interchange/Runtime/Content/gltf/M_ClearCoat.uasset" 1265
"../../../Engine/Plugins/Interchange/Runtime/Content/gltf/M_ClearCoat.uexp" 1266
"../../../Engine/Plugins/Interchange/Runtime/Content/gltf/MaterialInstances/MI_ClearCoat_Opaque_DS.uasset" 1267
"../../../Engine/Plugins/Interchange/Runtime/Content/gltf/MaterialInstances/MI_ClearCoat_Opaque_DS.uexp" 1268
"../../../Engine/Plugins/Interchange/Runtime/Content/gltf/MaterialInstances/MI_ClearCoat_Opaque.uasset" 1269
"../../../Engine/Plugins/Interchange/Runtime/Content/gltf/MaterialInstances/MI_ClearCoat_Opaque.uexp" 1270
"../../../Engine/Plugins/Interchange/Runtime/Content/gltf/MaterialInstances/MI_ClearCoat_Mask_DS.uasset" 1271
"../../../Engine/Plugins/Interchange/Runtime/Content/gltf/MaterialInstances/MI_ClearCoat_Mask_DS.uexp" 1272
"../../../Engine/Plugins/Interchange/Runtime/Content/gltf/MaterialInstances/MI_ClearCoat_Mask.uasset" 1273
"../../../Engine/Plugins/Interchange/Runtime/Content/gltf/MaterialInstances/MI_ClearCoat_Mask.uexp" 1274
"../../../Engine/Plugins/Interchange/Runtime/Content/gltf/MaterialInstances/MI_ClearCoat_Blend_DS.uasset" 1275
"../../../Engine/Plugins/Interchange/Runtime/Content/gltf/MaterialInstances/MI_ClearCoat_Blend_DS.uexp" 1276
"../../../Engine/Plugins/Interchange/Runtime/Content/gltf/MaterialInstances/MI_ClearCoat_Blend.uasset" 1277
"../../../Engine/Plugins/Interchange/Runtime/Content/gltf/MaterialInstances/MI_ClearCoat_Blend.uexp" 1278
"../../../Engine/Content/Functions/Engine_MaterialFunctions01/Shading/PowerToRoughness.uasset" 1279
"../../../Engine/Content/Functions/Engine_MaterialFunctions01/Shading/PowerToRoughness.uexp" 1280
"../../../Engine/Content/Functions/Engine_MaterialFunctions01/Shading/ConvertFromDiffSpec.uasset" 1281
"../../../Engine/Content/Functions/Engine_MaterialFunctions01/Shading/ConvertFromDiffSpec.uexp" 1282
"../../../Engine/Content/EngineMaterials/Substrate/Volume/SubstrateSimpleVolumeLUT3D.uasset" 1283
"../../../Engine/Content/EngineMaterials/Substrate/Volume/SubstrateSimpleVolumeLUT3D.uexp" 1284
"../../../Engine/Content/EngineMaterials/Substrate/Volume/SubstrateSimpleVolumeEnvLUT3D.uasset" 1285
"../../../Engine/Content/EngineMaterials/Substrate/Volume/SubstrateSimpleVolumeEnvLUT3D.uexp" 1286
"../../../Engine/Content/EngineMaterials/Substrate/GLints2/AGlintTex2dArray2.uasset" 1287
"../../../Engine/Content/EngineMaterials/Substrate/GLints2/AGlintTex2dArray2.uexp" 1288
"../../../Engine/Content/EngineMaterials/Substrate/GLints/AGlintTex2dArray.uasset" 1289
"../../../Engine/Content/EngineMaterials/Substrate/GLints/AGlintTex2dArray.uexp" 1290
"C:/Users/YONSAI/Documents/Unreal Projects/ShootingCPP/Content/Blueprints/BP_KillZone.uasset" 1291
"C:/Users/YONSAI/Documents/Unreal Projects/ShootingCPP/Content/Blueprints/BP_KillZone.uexp" 1292
"C:/Users/YONSAI/Documents/Unreal Projects/ShootingCPP/Content/UI/BP_MainWidget.uasset" 1293
"C:/Users/YONSAI/Documents/Unreal Projects/ShootingCPP/Content/UI/BP_MainWidget.uexp" 1294
"C:/Users/YONSAI/Documents/Unreal Projects/ShootingCPP/Content/Inputs/IA_Horizontal.uasset" 1295
"C:/Users/YONSAI/Documents/Unreal Projects/ShootingCPP/Content/Inputs/IA_Horizontal.uexp" 1296
"C:/Users/YONSAI/Documents/Unreal Projects/ShootingCPP/Content/Inputs/IA_Fire.uasset" 1297
"C:/Users/YONSAI/Documents/Unreal Projects/ShootingCPP/Content/Inputs/IA_Fire.uexp" 1298
"C:/Users/YONSAI/Documents/Unreal Projects/ShootingCPP/Content/Inputs/IA_Vertical.uasset" 1299
"C:/Users/YONSAI/Documents/Unreal Projects/ShootingCPP/Content/Inputs/IA_Vertical.uexp" 1300
"C:/Users/YONSAI/Documents/Unreal Projects/ShootingCPP/Content/Inputs/IMC_PlayerInput.uasset" 1301
"C:/Users/YONSAI/Documents/Unreal Projects/ShootingCPP/Content/Inputs/IMC_PlayerInput.uexp" 1302
"C:/Users/YONSAI/Documents/Unreal Projects/ShootingCPP/Content/StarterContent/Textures/T_Burst_M.ubulk" 1303
"C:/Users/YONSAI/Documents/Unreal Projects/ShootingCPP/Content/StarterContent/Textures/T_Burst_M.uasset" 1304
"C:/Users/YONSAI/Documents/Unreal Projects/ShootingCPP/Content/StarterContent/Textures/T_Burst_M.uexp" 1305
"C:/Users/YONSAI/Documents/Unreal Projects/ShootingCPP/Content/StarterContent/Particles/Materials/M_Burst.uasset" 1306
"C:/Users/YONSAI/Documents/Unreal Projects/ShootingCPP/Content/StarterContent/Particles/Materials/M_Burst.uexp" 1307
"C:/Users/YONSAI/Documents/Unreal Projects/ShootingCPP/Content/StarterContent/Particles/Materials/m_flare_01.uasset" 1308
"C:/Users/YONSAI/Documents/Unreal Projects/ShootingCPP/Content/StarterContent/Particles/Materials/m_flare_01.uexp" 1309
"C:/Users/YONSAI/Documents/Unreal Projects/ShootingCPP/Content/StarterContent/Textures/T_Explosion_SubUV.ubulk" 1310
"C:/Users/YONSAI/Documents/Unreal Projects/ShootingCPP/Content/StarterContent/Textures/T_Explosion_SubUV.uasset" 1311
"C:/Users/YONSAI/Documents/Unreal Projects/ShootingCPP/Content/StarterContent/Textures/T_Explosion_SubUV.uexp" 1312
"C:/Users/YONSAI/Documents/Unreal Projects/ShootingCPP/Content/StarterContent/Particles/Materials/M_explosion_subUV.uasset" 1313
"C:/Users/YONSAI/Documents/Unreal Projects/ShootingCPP/Content/StarterContent/Particles/Materials/M_explosion_subUV.uexp" 1314
"C:/Users/YONSAI/Documents/Unreal Projects/ShootingCPP/Content/StarterContent/Particles/Materials/M_radial_ramp.uasset" 1315
"C:/Users/YONSAI/Documents/Unreal Projects/ShootingCPP/Content/StarterContent/Particles/Materials/M_radial_ramp.uexp" 1316
"C:/Users/YONSAI/Documents/Unreal Projects/ShootingCPP/Content/StarterContent/Particles/P_Explosion.uasset" 1317
"C:/Users/YONSAI/Documents/Unreal Projects/ShootingCPP/Content/StarterContent/Particles/P_Explosion.uexp" 1318
"../../../Engine/Content/BasicShapes/BasicShapeMaterial.uasset" 1319
"../../../Engine/Content/BasicShapes/BasicShapeMaterial.uexp" 1320
"C:/Users/YONSAI/Documents/Unreal Projects/ShootingCPP/Content/Blueprints/BP_Bullet.uasset" 1321
"C:/Users/YONSAI/Documents/Unreal Projects/ShootingCPP/Content/Blueprints/BP_Bullet.uexp" 1322
"C:/Users/YONSAI/Documents/Unreal Projects/ShootingCPP/Content/Blueprints/BP_PlayerPawn.uasset" 1323
"C:/Users/YONSAI/Documents/Unreal Projects/ShootingCPP/Content/Blueprints/BP_PlayerPawn.uexp" 1324
"C:/Users/YONSAI/Documents/Unreal Projects/ShootingCPP/Content/UI/BP_MenuWidget.uasset" 1325
"C:/Users/YONSAI/Documents/Unreal Projects/ShootingCPP/Content/UI/BP_MenuWidget.uexp" 1326
"C:/Users/YONSAI/Documents/Unreal Projects/ShootingCPP/Content/Blueprints/BP_ShootingGameModeBase.uasset" 1327
"C:/Users/YONSAI/Documents/Unreal Projects/ShootingCPP/Content/Blueprints/BP_ShootingGameModeBase.uexp" 1328
"C:/Users/YONSAI/Documents/Unreal Projects/ShootingCPP/Content/Maps/ShootingMap.uexp" 1329
"C:/Users/YONSAI/Documents/Unreal Projects/ShootingCPP/Content/Maps/ShootingMap.umap" 1330
"../../../Engine/Content/Maps/Entry_BuiltData.uasset" 1331
"../../../Engine/Content/Maps/Entry_BuiltData.uexp" 1332
"../../../Engine/Content/Maps/Entry.uexp" 1333
"../../../Engine/Content/Maps/Entry.umap" 1334
